Div,Date,HomeTeam,AwayTeam,FTHG,FTAG,FTR,HTHG,HTAG,HTR,HS,AS,HST,AST,HF,AF,HC,AC,HY,AY,HR,AR,B365H,B365D,B365A,BWH,BWD,BWA,IWH,IWD,IWA,LBH,LBD,LBA,PSH,PSD,PSA,WHH,WHD,WHA,SJH,SJD,SJA,VCH,VCD,VCA,Bb1X2,BbMxH,BbAvH,BbMxD,BbAvD,BbMxA,BbAvA,BbOU,BbMx>2.5,BbAv>2.5,BbMx<2.5,BbAv<2.5,BbAH,BbAHh,BbMxAHH,BbAvAHH,BbMxAHA,BbAvAHA
D1,09/08/13,Bayern Munich,M'gladbach,3,1,H,2,1,H,26,11,9,4,12,11,6,4,1,3,0,0,1.13,8.5,19,1.14,8.25,15,1.2,5.8,13,1.12,8,19,1.14,10.08,21.46,1.14,6.5,15,1.13,7.5,17,1.14,9,19,32,1.2,1.13,10.15,8.33,24,18.53,20,1.35,1.31,3.5,3.29,20,-2.5,2.12,2.04,1.89,1.84
D1,10/08/13,Augsburg,Dortmund,0,4,A,0,1,A,11,13,4,9,18,12,5,6,2,0,0,0,7,4.33,1.44,7.5,4.6,1.4,6.1,4,1.5,7,4.33,1.44,8.25,4.69,1.46,7.5,3.75,1.5,7.5,4,1.4,8,4.6,1.45,32,8.32,7.37,4.75,4.26,1.5,1.44,30,1.76,1.7,2.24,2.14,21,1,2.52,2.16,1.81,1.74
D1,10/08/13,Braunschweig,Werder Bremen,0,1,A,0,0,D,13,12,3,4,10,18,2,7,1,0,0,0,2.7,3.4,2.5,2.7,3.4,2.5,2.7,3.4,2.4,2.87,3.3,2.4,2.89,3.57,2.54,2.75,3.1,2.62,2.8,3.3,2.38,2.8,3.5,2.55,32,3,2.83,3.57,3.34,2.63,2.44,30,1.8,1.74,2.24,2.1,17,0,2.13,2.07,1.85,1.79
D1,10/08/13,Hannover,Wolfsburg,2,0,H,1,0,H,20,15,8,4,28,11,7,2,4,0,0,2,2.6,3.4,2.6,2.65,3.4,2.55,2.4,3.3,2.75,2.5,3.4,2.7,2.84,3.5,2.61,2.75,3,2.75,2.63,3.3,2.5,2.7,3.6,2.62,32,2.85,2.65,3.51,3.34,2.75,2.59,28,1.75,1.67,2.34,2.19,18,0,2.05,1.97,1.95,1.88
D1,10/08/13,Hertha,Ein Frankfurt,6,1,H,2,1,H,16,10,9,4,19,18,5,4,0,2,0,0,2.2,3.4,3.2,2.4,3.3,2.9,2.2,3.3,3.1,2.3,3.4,3,2.38,3.52,3.16,2.4,3.1,3.1,2.3,3.3,3,2.38,3.5,3.1,32,2.4,2.31,3.6,3.33,3.2,3.04,30,1.89,1.81,2.12,2,18,0,1.73,1.68,2.31,2.24
D1,10/08/13,Hoffenheim,Nurnberg,2,2,D,1,0,H,23,12,8,5,17,17,6,9,1,4,0,0,2.1,3.3,3.5,2.05,3.3,3.6,2,3.4,3.5,2.1,3.25,3.5,2.11,3.51,3.83,2.2,3.1,3.5,2.05,3.3,3.4,2.15,3.5,3.6,32,2.2,2.08,3.55,3.32,3.83,3.52,30,2.04,1.98,1.9,1.83,17,-0.5,2.13,2.09,1.83,1.8
D1,10/08/13,Leverkusen,Freiburg,3,1,H,1,1,D,18,8,6,3,11,16,5,2,2,2,0,0,1.44,4.5,6.5,1.45,4.5,6.5,1.4,4.4,7.3,1.44,4.33,7,1.46,4.81,7.89,1.5,3.75,7.5,1.44,4.33,7,1.45,4.8,7.5,32,1.5,1.44,4.81,4.37,8,7.09,30,1.71,1.64,2.38,2.25,21,-1,1.82,1.74,2.23,2.16
D1,11/08/13,Mainz,Stuttgart,3,2,H,1,1,D,9,15,7,10,15,13,2,8,2,4,0,0,2.4,3.4,2.8,2.4,3.3,2.9,2.4,3.4,2.7,2.3,3.4,3,2.47,3.46,3.07,2.5,3.1,2.9,2.38,3.3,2.8,2.5,3.4,2.9,32,2.5,2.4,3.48,3.31,3.11,2.91,30,1.99,1.91,2,1.9,17,-0.25,2.12,2.09,1.85,1.81
D1,11/08/13,Schalke 04,Hamburg,3,3,D,2,2,D,19,16,8,6,15,11,3,7,1,2,0,0,1.44,4.33,7,1.44,4.5,6.75,1.6,3.7,5.4,1.44,4.33,7,1.48,4.86,7.2,1.5,4,7,1.4,4.33,7,1.5,4.6,7,31,1.6,1.44,4.86,4.46,7.5,6.91,21,1.67,1.62,2.46,2.27,20,-1,1.78,1.72,2.26,2.18
D1,17/08/13,Ein Frankfurt,Bayern Munich,0,1,A,0,1,A,9,15,3,7,9,17,6,5,1,1,0,0,10,5.25,1.29,9,6.25,1.26,7.6,4.8,1.35,11,5,1.28,12.8,6.3,1.28,10,5.5,1.29,9.5,5.25,1.27,12,6,1.29,31,12.39,10.49,6.64,5.65,1.35,1.27,19,1.46,1.4,3,2.83,,,,,,
D1,17/08/13,Freiburg,Mainz,1,2,A,0,0,D,9,12,3,8,17,7,2,4,0,3,0,0,2.25,3.4,3.1,2.3,3.4,3,2.3,3.3,2.9,2.37,3.25,3,2.37,3.42,3.28,2.38,3.4,2.88,2.25,3.3,3,2.38,3.4,3.12,31,2.4,2.31,3.45,3.34,3.28,3.03,29,2.04,1.97,1.94,1.83,,,,,,
D1,17/08/13,Hamburg,Hoffenheim,1,5,A,1,1,D,8,18,4,7,15,22,2,4,2,2,0,0,2,3.6,3.5,2.05,3.4,3.5,2,3.4,3.5,2,3.5,3.6,2.09,3.6,3.77,2.05,3.5,3.4,2,3.4,3.5,2.1,3.6,3.5,31,2.15,2.05,3.62,3.45,3.81,3.54,27,1.68,1.63,2.4,2.25,,,,,,
D1,17/08/13,M'gladbach,Hannover,3,0,H,1,0,H,17,16,8,4,9,19,1,3,1,4,0,0,1.83,3.5,4.33,1.83,3.6,4.2,1.85,3.45,4,1.83,3.5,4.33,1.85,3.77,4.7,1.83,3.6,4.2,1.8,3.4,4.33,1.85,3.75,4.5,31,1.87,1.82,3.77,3.55,4.7,4.35,29,1.85,1.77,2.12,2.04,,,,,,
D1,17/08/13,Stuttgart,Leverkusen,0,1,A,0,1,A,17,13,3,3,13,15,10,3,3,2,0,0,3.5,3.25,2.1,3.4,3.5,2.05,3.1,3.3,2.2,3.25,3.4,2.15,3.54,3.7,2.14,3.25,3.4,2.15,3.3,3.3,2.1,3.4,3.7,2.15,31,3.54,3.36,3.7,3.42,2.2,2.12,27,1.67,1.62,2.44,2.29,,,,,,
D1,17/08/13,Werder Bremen,Augsburg,1,0,H,1,0,H,5,20,2,4,16,14,3,7,3,4,0,0,1.91,3.5,4,1.87,3.5,4.1,1.8,3.5,4.2,1.83,3.5,4.33,1.97,3.68,4.16,1.8,3.6,4.33,1.9,3.5,3.8,1.95,3.7,4.1,31,1.97,1.9,3.7,3.47,4.33,4.04,29,1.86,1.79,2.1,2.02,,,,,,
D1,17/08/13,Wolfsburg,Schalke 04,4,0,H,0,0,D,20,6,8,2,18,16,11,3,0,2,0,0,2.88,3.3,2.4,2.8,3.4,2.4,2.55,3.4,2.55,2.87,3.4,2.37,2.99,3.55,2.48,2.88,3.4,2.38,2.8,3.25,2.4,2.88,3.5,2.5,31,3,2.86,3.6,3.35,2.55,2.42,21,1.63,1.57,2.48,2.33,,,,,,
D1,18/08/13,Dortmund,Braunschweig,2,1,H,0,0,D,24,8,6,3,8,12,4,3,0,1,0,0,1.17,7.5,13,1.15,7.5,16,1.17,6.5,14,1.16,7,15,1.15,9.42,21.1,1.17,7,15,1.14,7,15,1.17,8.5,18,31,1.17,1.14,9.42,7.88,21.12,18.16,19,1.35,1.31,3.6,3.33,,,,,,
D1,18/08/13,Nurnberg,Hertha,2,2,D,1,0,H,11,12,5,5,16,17,4,5,5,2,0,0,2.3,3.4,3,2.35,3.4,2.9,2.3,3.3,2.9,2.3,3.4,3,2.42,3.45,3.15,2.38,3.4,2.9,2.3,3.3,2.88,2.4,3.4,3.1,31,2.45,2.35,3.45,3.32,3.2,2.98,29,2,1.92,2,1.89,,,,,,
D1,23/08/13,Dortmund,Werder Bremen,1,0,H,0,0,D,32,7,8,1,14,13,7,2,0,0,0,0,1.2,6.5,13,1.2,6.75,12,1.22,5.5,12,1.22,6,12,1.24,7.08,14.25,1.22,6,12,1.22,5.8,11,1.25,6.5,12,33,1.25,1.22,7,6.29,15,12.22,21,1.43,1.39,3.1,2.85,21,-2,2.18,2.1,1.86,1.79
D1,24/08/13,Bayern Munich,Nurnberg,2,0,H,0,0,D,26,5,9,1,13,8,10,1,3,1,0,0,1.1,9,26,1.1,9.25,21,1.12,8,16,1.11,8.5,21,1.11,12.17,28.71,1.08,10,26,1.09,8.5,21,1.11,11,26,33,1.12,1.09,12.24,9.59,31,23.5,21,1.34,1.29,3.75,3.38,21,-2.5,1.86,1.79,2.15,2.08
D1,24/08/13,Hannover,Schalke 04,2,1,H,2,0,H,14,8,6,2,19,23,7,1,2,0,1,2,2.63,3.4,2.6,2.55,3.5,2.6,2.55,3.4,2.55,2.75,3.5,2.4,2.76,3.71,2.58,2.7,3.75,2.38,2.63,3.3,2.5,2.62,3.75,2.6,33,2.76,2.67,3.75,3.43,2.65,2.51,22,1.63,1.55,2.54,2.36,18,0,2.04,1.98,1.94,1.87
D1,24/08/13,Hertha,Hamburg,1,0,H,0,0,D,16,15,5,7,16,18,6,9,1,4,0,0,1.91,3.6,3.8,1.85,3.7,3.9,1.9,3.45,3.8,1.85,3.6,4,1.91,3.77,4.31,1.85,3.75,4,1.83,3.5,4,1.95,3.75,4,33,1.95,1.88,3.85,3.63,4.31,3.91,28,1.74,1.67,2.28,2.18,18,-0.5,1.92,1.88,2.03,2
D1,24/08/13,Hoffenheim,Freiburg,3,3,D,2,2,D,13,11,5,6,15,22,2,4,1,3,1,3,1.75,3.75,4.5,1.78,3.6,4.4,1.85,3.5,3.9,1.8,3.6,4.33,1.8,3.92,4.76,1.8,3.75,4.2,1.73,3.6,4.5,1.83,3.9,4.4,33,1.85,1.78,3.92,3.69,4.76,4.36,30,1.78,1.72,2.22,2.12,18,-0.5,1.82,1.77,2.16,2.11
D1,24/08/13,Leverkusen,M'gladbach,4,2,H,2,0,H,19,10,11,3,10,14,7,3,0,1,0,0,1.67,3.8,5,1.65,3.9,5,1.6,3.9,5,1.61,4,5,1.68,4.03,5.68,1.7,3.8,4.8,1.62,3.8,5,1.7,4,5.2,32,1.7,1.65,4.04,3.81,5.9,5.18,27,1.72,1.66,2.34,2.21,20,-1,2.21,2.15,1.8,1.75
D1,24/08/13,Mainz,Wolfsburg,2,0,H,0,0,D,12,16,4,6,16,15,2,5,3,1,0,1,2.63,3.4,2.6,2.65,3.5,2.5,2.55,3.4,2.55,2.6,3.3,2.62,2.77,3.51,2.67,2.6,3.4,2.62,2.6,3.3,2.5,2.75,3.5,2.62,33,2.77,2.66,3.52,3.35,2.68,2.57,30,1.85,1.75,2.15,2.07,18,0,2.02,1.96,1.93,1.88
D1,25/08/13,Augsburg,Stuttgart,2,1,H,2,1,H,17,9,5,2,19,18,9,7,2,3,0,1,2.3,3.4,3,2.35,3.3,2.95,2.4,3.3,2.75,2.4,3.4,2.8,2.39,3.39,3.26,2.3,3.3,3.1,2.3,3.3,2.88,2.4,3.4,3.12,33,2.45,2.34,3.4,3.33,3.26,2.99,30,2.03,1.94,1.97,1.86,18,0,1.73,1.69,2.32,2.2
D1,25/08/13,Braunschweig,Ein Frankfurt,0,2,A,0,0,D,9,20,4,4,12,18,2,8,2,1,0,0,2.7,3.4,2.5,2.7,3.5,2.45,2.65,3.3,2.5,2.7,3.3,2.6,2.99,3.38,2.57,2.8,3.3,2.5,2.63,3.3,2.5,2.88,3.4,2.6,33,2.99,2.79,3.45,3.28,2.65,2.51,30,2.1,1.99,1.92,1.83,18,0,2.12,2.05,1.84,1.8
D1,27/08/13,Freiburg,Bayern Munich,1,1,D,0,1,A,8,17,3,8,17,10,3,6,2,1,0,0,13,5.5,1.25,9.25,6.25,1.25,9,5,1.3,10,6,1.25,13.6,6.1,1.28,10,5.5,1.29,10,5.5,1.25,11.5,6,1.25,33,13.6,11.19,6.36,5.71,1.3,1.26,22,1.55,1.47,2.75,2.58,21,1.5,2.16,2.08,1.83,1.79
D1,31/08/13,Hamburg,Braunschweig,4,0,H,2,0,H,26,17,13,5,19,21,7,2,1,4,0,0,1.75,3.75,4.5,1.78,3.7,4.33,1.8,3.5,4.2,1.8,3.6,4.33,1.78,3.93,4.9,1.8,3.6,4.5,1.73,3.6,4.5,1.75,3.9,5,34,1.83,1.76,3.93,3.66,5,4.54,32,1.82,1.75,2.2,2.08,18,-1,2.45,2.33,1.67,1.63
D1,31/08/13,Hannover,Mainz,4,1,H,2,1,H,16,13,5,2,19,10,5,3,3,1,0,0,2.4,3.5,2.75,2.45,3.5,2.7,2.3,3.3,2.9,2.37,3.4,2.87,2.62,3.51,2.83,2.6,3.3,2.7,2.5,3.3,2.63,2.6,3.5,2.8,34,2.64,2.49,3.51,3.36,2.91,2.75,32,1.87,1.82,2.1,1.98,18,0,1.91,1.85,2.04,2.01
D1,31/08/13,M'gladbach,Werder Bremen,4,1,H,1,0,H,20,10,8,2,13,13,1,5,3,0,0,0,1.75,3.75,4.5,1.72,3.75,4.6,1.8,3.5,4.2,1.85,3.6,4,1.78,3.89,4.97,1.8,3.75,4.2,1.73,3.5,4.5,1.8,3.8,4.6,34,1.85,1.78,3.89,3.66,4.97,4.38,32,1.82,1.73,2.18,2.09,18,-0.5,1.82,1.77,2.19,2.11
D1,31/08/13,Nurnberg,Augsburg,0,1,A,0,0,D,7,24,1,7,10,18,2,12,4,2,1,0,2.5,3.3,2.8,2.35,3.4,2.9,2.3,3.2,3,2.37,3.4,2.87,2.56,3.37,3,2.5,3.3,2.8,2.38,3.3,2.8,2.5,3.4,2.9,34,2.56,2.44,3.4,3.29,3.1,2.86,32,2.1,2.01,1.9,1.79,18,0,1.83,1.78,2.13,2.08
D1,31/08/13,Schalke 04,Leverkusen,2,0,H,1,0,H,12,11,3,1,14,18,2,6,0,3,0,0,3.2,3.5,2.15,3.25,3.6,2.1,2.75,3.3,2.4,3.1,3.5,2.2,3.39,3.68,2.21,3.2,3.6,2.15,3.25,3.4,2.1,3.2,3.6,2.25,34,3.39,3.19,3.7,3.45,2.4,2.18,23,1.63,1.57,2.54,2.33,18,0.25,2.03,1.98,1.94,1.9
D1,31/08/13,Wolfsburg,Hertha,2,0,H,2,0,H,18,8,6,4,16,15,2,2,1,2,0,0,1.91,3.6,3.75,1.91,3.7,3.7,2,3.4,3.5,2,3.5,3.6,1.95,3.77,4.12,1.95,3.75,3.6,1.9,3.5,3.8,1.95,3.75,4,34,2,1.92,3.8,3.58,4.12,3.78,28,1.7,1.63,2.38,2.25,18,-0.5,1.95,1.91,2.01,1.96
D1,01/09/13,Ein Frankfurt,Dortmund,1,2,A,1,1,D,17,16,4,8,6,19,8,6,1,2,0,0,6,4.33,1.5,6,4.5,1.48,6.1,4,1.5,6,4.33,1.5,6.62,4.58,1.54,5.5,4.4,1.53,5.75,4.33,1.5,6.25,4.5,1.53,33,6.83,6.04,4.65,4.34,1.53,1.5,22,1.57,1.52,2.64,2.46,21,1,2.08,2.02,1.89,1.85
D1,01/09/13,Stuttgart,Hoffenheim,6,2,H,3,1,H,13,12,7,3,20,20,3,5,2,2,0,0,2.3,3.5,2.9,2.4,3.4,2.85,2.2,3.3,3.1,2.3,3.5,2.87,2.44,3.6,3.02,2.3,3.6,2.88,2.38,3.4,2.8,2.45,3.6,2.9,33,2.49,2.35,3.6,3.41,3.15,2.91,29,1.69,1.63,2.42,2.25,18,-0.25,2.13,2.08,1.85,1.81
D1,13/09/13,Hertha,Stuttgart,0,1,A,0,0,D,19,8,8,5,13,12,7,4,1,1,0,0,2.15,3.4,3.3,2.3,3.5,3.1,2.2,3.3,3.1,2.15,3.5,3.2,2.29,3.67,3.21,2.25,3.5,3,2.2,3.4,3,2.3,3.6,3.1,35,2.31,2.23,3.67,3.45,3.3,3.13,32,1.7,1.65,2.44,2.23,19,-0.5,2.31,2.24,1.73,1.68
D1,14/09/13,Augsburg,Freiburg,2,1,H,0,0,D,14,5,6,1,16,21,10,3,1,2,0,0,2,3.4,3.75,2,3.5,3.6,2.1,3.3,3.3,2,3.4,3.75,2.04,3.44,4.18,2.05,3.4,3.6,2,3.3,3.6,2.05,3.5,4,35,2.15,2.02,3.5,3.36,4.18,3.69,33,2.08,2,1.9,1.8,18,-0.5,2.04,2,1.9,1.86
D1,14/09/13,Bayern Munich,Hannover,2,0,H,0,0,D,18,13,8,2,14,12,13,4,3,3,0,0,1.13,8.5,21,1.12,9.25,15,1.12,8,16,1.14,8,15,1.14,10.1,22.45,1.14,8.5,15,1.09,8.5,21,1.14,9.5,21,34,1.17,1.11,10.5,8.82,27.49,19.6,20,1.33,1.26,4,3.65,21,-2.5,1.89,1.84,2.1,2.02
D1,14/09/13,Dortmund,Hamburg,6,2,H,2,1,H,32,4,14,2,11,19,7,2,0,4,0,0,1.25,6,11,1.23,6.5,10,1.25,5.5,10.3,1.28,5.5,9.5,1.28,6.56,11.85,1.29,5.5,10,1.25,5.75,9.5,1.29,6.5,11,35,1.3,1.26,6.56,5.88,12.18,10.54,20,1.43,1.37,3.25,2.97,19,-1.5,1.74,1.7,2.3,2.19
D1,14/09/13,Leverkusen,Wolfsburg,3,1,H,1,1,D,14,14,7,5,17,12,4,3,2,2,0,1,1.8,3.75,4.2,1.8,4,4.2,1.75,3.5,4.5,1.75,3.75,4.33,1.77,3.98,4.92,1.75,4,4.2,1.73,3.6,4.5,1.8,4,4.5,35,1.81,1.76,4.05,3.72,4.92,4.41,26,1.63,1.56,2.54,2.37,18,-1,2.43,2.35,1.71,1.62
D1,14/09/13,Mainz,Schalke 04,0,1,A,0,1,A,14,10,0,5,15,19,1,5,1,3,0,0,2.6,3.4,2.6,2.7,3.5,2.6,2.6,3.2,2.6,2.62,3.5,2.5,2.74,3.54,2.68,2.5,3.6,2.62,2.6,3.3,2.6,2.7,3.5,2.62,35,2.75,2.63,3.55,3.37,2.7,2.59,30,1.74,1.68,2.3,2.16,18,0,2,1.94,1.95,1.91
D1,14/09/13,Werder Bremen,Ein Frankfurt,0,3,A,0,2,A,12,14,4,6,14,13,5,10,2,0,1,0,2.45,3.3,2.8,2.5,3.4,2.7,2.35,3.3,2.85,2.37,3.4,2.87,2.51,3.49,2.99,2.5,3.3,2.8,2.4,3.25,2.8,2.55,3.4,2.9,35,2.6,2.43,3.5,3.34,3.01,2.84,33,1.87,1.8,2.1,2,18,0,1.84,1.8,2.14,2.06
D1,15/09/13,Braunschweig,Nurnberg,1,1,D,0,1,A,23,9,7,2,17,18,6,3,3,2,0,0,2.7,3.25,2.6,2.75,3.3,2.65,2.65,3.3,2.5,2.7,3.2,2.6,2.87,3.33,2.69,2.7,3.3,2.6,2.63,3.2,2.5,2.8,3.3,2.7,34,2.87,2.73,3.35,3.24,2.7,2.58,32,2.19,2.07,1.81,1.75,18,0,2.05,1.97,1.94,1.87
D1,15/09/13,Hoffenheim,M'gladbach,2,1,H,1,0,H,10,16,4,3,16,7,2,3,3,2,0,0,2.6,3.4,2.6,2.6,3.6,2.65,2.5,3.3,2.65,2.5,3.5,2.62,2.73,3.6,2.66,2.6,3.75,2.45,2.63,3.3,2.5,2.7,3.75,2.6,33,2.75,2.6,3.75,3.4,2.7,2.59,26,1.67,1.6,2.45,2.29,18,0,2,1.93,1.94,1.91
D1,20/09/13,M'gladbach,Braunschweig,4,1,H,2,0,H,13,12,7,3,11,12,0,1,1,2,0,1,1.36,4.75,8,1.36,5,8,1.4,4.4,7.3,1.4,4.5,8,1.39,5.04,9.75,1.4,4.75,7.5,1.36,4.5,8,1.4,5,9,35,1.4,1.38,5.1,4.66,10,8.69,33,1.78,1.68,2.34,2.17,21,-1.5,2.19,2.11,1.83,1.77
D1,21/09/13,Hamburg,Werder Bremen,0,2,A,0,1,A,19,16,7,6,15,18,4,6,2,4,0,0,1.95,3.4,3.9,1.95,3.7,3.6,2,3.4,3.5,2,3.4,3.6,1.99,3.81,3.85,2,3.3,3.8,1.95,3.4,3.6,2,3.8,3.8,35,2.01,1.97,3.81,3.53,3.91,3.64,33,1.7,1.64,2.44,2.24,18,-0.5,2,1.96,1.95,1.9
D1,21/09/13,Hannover,Augsburg,2,1,H,0,0,D,15,12,8,2,21,18,8,1,3,4,0,0,2.5,3.3,2.75,2.45,3.3,2.85,2.2,3.4,3,2.2,3.4,3.2,2.65,3.43,2.85,2.62,3.2,2.7,2.2,3.5,3.25,2.55,3.4,2.8,35,2.62,2.46,3.6,3.34,3.25,2.8,33,1.87,1.8,2.1,2,18,-0.25,2.23,2.16,1.84,1.73
D1,21/09/13,Mainz,Leverkusen,1,4,A,0,3,A,14,13,2,5,14,11,4,4,1,1,0,0,3.5,3.5,2.05,3.4,3.5,2.05,3.1,3.3,2.2,3.25,3.4,2.15,3.65,3.62,2.13,3.5,3.2,2.15,3.5,3.4,2,3.6,3.6,2.1,35,3.65,3.38,3.65,3.44,2.2,2.09,33,1.76,1.7,2.26,2.14,18,0.5,1.83,1.79,2.14,2.08
D1,21/09/13,Nurnberg,Dortmund,1,1,D,0,1,A,10,18,3,6,7,12,3,9,1,2,0,0,8,5.25,1.33,8.5,5.5,1.3,7.3,4.4,1.4,8,5,1.36,9.7,5.55,1.36,8,4.5,1.4,8,5.25,1.33,10,5.5,1.33,35,10,8.28,5.55,5.12,1.4,1.34,24,1.55,1.49,2.75,2.51,21,1.5,1.97,1.91,2.04,1.95
D1,21/09/13,Schalke 04,Bayern Munich,0,4,A,0,2,A,10,14,1,5,7,6,5,5,1,0,0,0,5.5,4.33,1.53,5.25,4.5,1.53,5.4,3.7,1.6,5.5,4,1.57,6.51,4.65,1.53,6,3.8,1.57,5.75,4,1.5,6.25,4.6,1.53,34,6.55,5.71,4.65,4.23,1.6,1.53,23,1.59,1.52,2.62,2.42,21,1,2.06,2,1.92,1.86
D1,21/09/13,Wolfsburg,Hoffenheim,2,1,H,1,1,D,15,7,6,2,15,20,6,6,1,4,0,0,1.73,4,4.2,1.7,3.8,4.6,1.8,3.5,4.2,1.75,3.75,4.5,1.7,4.15,5.19,1.75,3.4,5,1.67,3.75,4.8,1.73,4.1,4.8,35,1.8,1.72,4.15,3.78,5.19,4.61,24,1.56,1.51,2.68,2.44,18,-0.75,1.95,1.89,2.04,1.97
D1,22/09/13,Freiburg,Hertha,1,1,D,1,1,D,8,8,2,4,22,12,9,2,2,4,0,0,2.38,3.4,2.9,2.4,3.4,2.8,2.3,3.3,2.9,2.5,3.3,2.75,2.61,3.5,2.85,2.62,3.2,2.7,2.5,3.3,2.75,2.62,3.5,2.8,35,2.63,2.49,3.5,3.34,2.9,2.75,33,1.92,1.84,2.05,1.96,18,0,1.9,1.85,2.04,2
D1,22/09/13,Stuttgart,Ein Frankfurt,1,1,D,1,1,D,14,16,4,4,10,13,4,7,3,2,0,0,2.15,3.4,3.3,2.25,3.5,3,2.1,3.4,3.2,2.15,3.4,3.25,2.24,3.67,3.32,2.2,3.5,3.1,2.1,3.4,3.13,2.2,3.6,3.4,35,2.26,2.18,3.67,3.45,3.35,3.16,33,1.75,1.7,2.28,2.14,17,-0.5,2.24,2.18,1.75,1.72
D1,27/09/13,Augsburg,M'gladbach,2,2,D,1,1,D,20,8,5,3,9,13,3,3,2,3,0,0,2.5,3.25,2.8,2.55,3.4,2.65,2.6,3.2,2.6,2.4,3.3,2.87,2.5,3.43,3.04,2.4,3.4,2.8,2.38,3.3,2.8,2.5,3.4,3,34,2.6,2.44,3.49,3.34,3.06,2.87,31,1.95,1.86,2.08,1.94,19,0,1.81,1.77,2.2,2.1
D1,28/09/13,Bayern Munich,Wolfsburg,1,0,H,0,0,D,11,4,4,2,12,24,8,2,2,1,0,0,1.14,8,15,1.17,8,11.5,1.15,7,15,1.14,8,15,1.18,8.45,18.5,1.17,7,15,1.17,7.5,12,1.17,8,15,34,1.18,1.15,8.84,7.87,20,15.7,20,1.34,1.3,3.65,3.32,19,-2,1.9,1.84,2.1,2.03
D1,28/09/13,Dortmund,Freiburg,5,0,H,2,0,H,27,2,13,2,13,11,10,0,0,1,0,1,1.18,7,13,1.22,6.5,10.5,1.17,7,13,1.2,7,12,1.22,7.2,15.4,1.22,5.5,15,1.2,6.25,10,1.22,7,13,34,1.23,1.2,7.5,6.71,15.8,13.12,20,1.4,1.33,3.5,3.12,20,-2,2.14,2.05,1.91,1.81
D1,28/09/13,Ein Frankfurt,Hamburg,2,2,D,1,1,D,9,11,5,3,21,16,9,6,2,1,0,0,1.8,3.6,4.33,1.8,3.75,4.1,1.85,3.5,3.9,1.83,3.75,4,1.84,3.95,4.47,1.83,3.5,4.2,1.73,3.6,4.33,1.83,3.9,4.4,34,1.86,1.81,4.25,3.73,4.6,4.14,23,1.7,1.59,2.44,2.27,17,-1,2.55,2.42,1.68,1.58
D1,28/09/13,Hertha,Mainz,3,1,H,0,1,A,9,7,4,5,27,20,5,5,1,4,0,0,2,3.6,3.5,2,3.4,3.7,2.15,3.3,3.2,2.1,3.4,3.4,2.09,3.58,3.81,2.1,3.2,3.6,2,3.4,3.5,2.05,3.6,3.8,34,2.15,2.06,3.6,3.43,3.81,3.52,31,1.95,1.86,2,1.93,17,-0.5,2.15,2.05,1.88,1.82
D1,28/09/13,Hoffenheim,Schalke 04,3,3,D,1,3,A,12,12,6,5,23,24,2,7,3,2,0,0,2.8,3.3,2.5,2.7,3.4,2.5,2.6,3.2,2.6,2.75,3.3,2.5,2.92,3.58,2.51,2.8,3.2,2.5,2.75,3.3,2.4,2.88,3.5,2.45,34,2.92,2.79,3.6,3.38,2.6,2.45,23,1.62,1.55,2.56,2.36,18,0,2.12,2.05,1.83,1.8
D1,28/09/13,Leverkusen,Hannover,2,0,H,2,0,H,19,8,8,2,12,17,4,9,0,0,0,0,1.33,5,9,1.35,5.5,7,1.35,4.8,7.6,1.36,5,7.5,1.36,5.45,9.81,1.4,4.2,9,1.33,4.8,8,1.36,5.4,8.5,34,1.4,1.35,5.45,4.92,10,8.47,22,1.52,1.45,2.8,2.62,21,-1.5,2.08,1.98,1.92,1.86
D1,29/09/13,Braunschweig,Stuttgart,0,4,A,0,1,A,10,15,2,8,12,19,8,4,0,1,0,0,4,3.5,1.91,3.6,3.7,1.95,3.6,3.3,2,3.5,3.4,2.05,3.92,3.61,2.05,3.75,3.2,2.05,3.6,3.4,1.95,3.9,3.6,2,33,4,3.67,3.65,3.48,2.05,1.99,30,1.85,1.78,2.22,2.02,17,0.5,1.92,1.87,2.05,1.99
D1,29/09/13,Werder Bremen,Nurnberg,3,3,D,2,1,H,15,17,7,8,16,9,4,4,2,2,0,0,2.05,3.5,3.4,2.05,3.3,3.7,2,3.3,3.6,2.05,3.4,3.5,2.09,3.49,3.92,2.05,3.25,3.75,2,3.4,3.5,2.1,3.5,3.8,34,2.15,2.06,3.5,3.37,4,3.57,31,2,1.91,1.96,1.87,17,-0.5,2.1,2.06,1.86,1.82
D1,06/10/13,Freiburg,Ein Frankfurt,1,1,D,0,0,D,13,11,4,5,12,20,7,10,3,2,0,1,2.7,3.4,2.5,2.7,3.3,2.55,2.5,3.3,2.65,2.6,3.3,2.62,2.9,3.45,2.59,2.8,3.1,2.62,2.63,3.3,2.5,2.8,3.4,2.62,33,2.91,2.73,3.5,3.32,2.65,2.54,31,1.86,1.79,2.18,2.02,16,0,2.08,2.01,1.88,1.84
D1,06/10/13,Nurnberg,Hamburg,0,5,A,0,1,A,7,16,2,13,16,15,5,4,1,0,0,0,2.38,3.5,2.8,2.5,3.5,2.65,2.4,3.3,2.75,2.4,3.4,2.8,2.55,3.54,2.9,2.5,3.2,2.8,2.38,3.3,2.8,2.5,3.5,2.9,36,2.56,2.44,3.57,3.39,2.88,2.8,34,1.76,1.71,2.3,2.12,18,0,1.86,1.81,2.1,2.04
D1,05/10/13,Leverkusen,Bayern Munich,1,1,D,1,1,D,5,27,3,11,15,8,2,14,1,1,0,0,5,4.2,1.6,5.25,4,1.6,4.75,3.8,1.65,5,3.75,1.66,5.81,4.18,1.65,5.5,3.5,1.67,5,3.8,1.62,5.4,4.2,1.65,35,5.81,5.14,4.25,3.9,1.67,1.63,24,1.63,1.55,2.56,2.37,21,1,1.88,1.77,2.16,2.1
D1,05/10/13,Mainz,Hoffenheim,2,2,D,0,2,A,17,14,8,5,23,16,7,1,2,2,0,0,2.25,3.5,3,2.35,3.5,2.8,2.25,3.3,3,2.3,3.4,3,2.33,3.6,3.19,2.4,3.3,2.9,2.25,3.3,3,2.38,3.5,3,34,2.4,2.31,3.6,3.4,3.19,2.98,30,1.7,1.64,2.48,2.23,17,-0.25,2.06,2.01,1.92,1.85
D1,05/10/13,M'gladbach,Dortmund,2,0,H,0,0,D,6,27,3,8,8,9,1,9,2,2,0,1,5,3.75,1.67,4.6,3.9,1.7,4.5,3.5,1.75,4.75,4,1.66,5.16,4.15,1.71,5,3.75,1.67,4.8,3.75,1.67,5,4.1,1.7,35,5.4,4.82,4.2,3.87,1.75,1.68,24,1.57,1.52,2.72,2.44,22,1,1.81,1.73,2.24,2.16
D1,05/10/13,Schalke 04,Augsburg,4,1,H,2,1,H,13,10,6,3,9,10,2,3,1,3,0,1,1.73,3.8,4.5,1.72,3.75,4.6,1.7,3.7,4.5,1.66,3.75,5,1.76,3.87,5.18,1.8,3.5,4.5,1.67,3.75,4.5,1.8,3.8,4.75,35,1.8,1.73,3.87,3.7,5.2,4.68,33,1.73,1.65,2.34,2.21,22,-1,2.42,2.32,1.71,1.64
D1,05/10/13,Stuttgart,Werder Bremen,1,1,D,1,1,D,20,7,6,2,11,9,13,1,1,2,0,0,1.7,3.8,4.75,1.72,3.8,4.5,1.8,3.5,4.2,1.8,3.6,4.33,1.78,4.01,4.78,1.8,3.5,4.5,1.73,3.6,4.5,1.8,4,4.6,35,1.83,1.76,4.06,3.74,4.88,4.42,22,1.62,1.54,2.62,2.37,21,-1,2.38,2.29,1.71,1.65
D1,05/10/13,Wolfsburg,Braunschweig,0,2,A,0,1,A,17,7,3,3,21,26,7,2,2,3,0,0,1.29,5.5,9.5,1.28,6,8.75,1.3,5,9,1.28,5.5,10,1.28,6.31,12.51,1.29,5.5,10,1.27,5.25,10,1.29,6.25,12,35,1.3,1.28,6.31,5.51,12.51,10.26,22,1.55,1.49,2.7,2.51,22,-1.5,1.83,1.79,2.15,2.08
D1,04/10/13,Hannover,Hertha,1,1,D,1,0,H,14,10,5,2,18,21,8,9,3,3,0,0,2.25,3.4,3.1,2.3,3.3,3.1,2.2,3.3,3.1,2.2,3.4,3.2,2.44,3.49,3.09,2.3,3.5,2.9,2,3.75,3.6,2.3,3.5,3.2,35,2.38,2.27,3.75,3.4,3.6,3.11,33,1.86,1.74,2.38,2.08,20,-0.5,2.41,2.32,1.68,1.64
D1,18/10/13,Hoffenheim,Leverkusen,1,2,A,0,1,A,20,12,8,4,12,18,8,10,0,4,0,0,3.25,3.6,2.1,3.5,3.4,2.05,3.3,3.3,2.1,3.6,3.5,2,3.62,3.67,2.12,3.2,3.6,2.15,3.4,3.4,2.05,3.4,3.6,2.15,38,3.75,3.49,3.7,3.52,2.15,2.06,28,1.58,1.53,2.74,2.41,20,0.25,2.11,2.05,1.86,1.81
D1,19/10/13,Bayern Munich,Mainz,4,1,H,0,1,A,18,13,6,4,12,14,8,5,1,0,0,0,1.1,9,23,1.1,10,17,1.12,8,16,1.11,8.5,21,1.11,12.14,28.73,1.1,9,21,1.1,8,19,1.12,11,26,36,1.12,1.1,12.47,9.31,33.37,22.75,24,1.33,1.28,3.75,3.4,21,-2.5,1.89,1.84,2.07,2.01
D1,19/10/13,Braunschweig,Schalke 04,2,3,A,1,1,D,14,14,4,6,13,21,1,9,0,1,0,0,4.75,3.6,1.73,4.6,3.9,1.7,4.5,3.5,1.75,4.5,3.75,1.72,5.15,4.01,1.74,4.8,3.5,1.75,4.8,3.6,1.67,5,4,1.7,38,5.5,4.88,4.01,3.7,1.75,1.71,37,1.76,1.7,2.26,2.13,20,0.75,2,1.93,1.95,1.92
D1,19/10/13,Dortmund,Hannover,1,0,H,1,0,H,18,10,8,5,11,15,10,2,1,3,0,0,1.22,6.5,11,1.22,6.75,10,1.2,6,12.5,1.22,6.5,11,1.22,7.42,15.13,1.22,6,12,1.2,6.25,11,1.22,7,13,38,1.24,1.21,7.5,6.58,16.26,12.51,26,1.4,1.33,3.4,3.07,22,-2,2.08,2,1.91,1.85
D1,19/10/13,Ein Frankfurt,Nurnberg,1,1,D,0,0,D,15,10,3,4,22,14,6,1,2,3,0,0,1.57,4,5.5,1.57,4.1,5.5,1.65,3.6,5.1,1.6,4,5.25,1.58,4.25,6.48,1.62,4,5,1.53,3.75,6,1.6,4.2,6.25,36,1.65,1.57,4.25,3.94,6.5,5.86,33,1.71,1.65,2.33,2.2,22,-1,2,1.94,1.96,1.91
D1,19/10/13,Hertha,M'gladbach,1,0,H,1,0,H,5,13,2,4,15,14,7,5,2,1,0,1,2.38,3.4,2.9,2.55,3.3,2.7,2.5,3.3,2.65,2.37,3.4,2.87,2.46,3.51,3.04,2.5,3.25,2.8,2.38,3.25,2.88,2.5,3.5,2.9,37,2.5,2.44,3.51,3.32,3.04,2.86,36,1.85,1.77,2.12,2.03,20,0,1.82,1.77,2.18,2.06
D1,19/10/13,Werder Bremen,Freiburg,0,0,D,0,0,D,18,11,4,2,21,12,7,8,1,2,0,0,1.95,3.4,3.8,2,3.5,3.6,1.85,3.45,4,1.9,3.6,3.75,2.09,3.66,3.74,2.1,3.4,3.4,2,3.4,3.6,2.1,3.6,3.6,38,2.1,2,3.66,3.44,4,3.7,37,1.77,1.7,2.24,2.12,20,-0.5,2.08,2.02,1.89,1.84
D1,20/10/13,Augsburg,Wolfsburg,1,2,A,1,2,A,11,13,8,6,21,18,3,2,2,3,0,0,2.38,3.4,2.88,2.45,3.3,2.85,2.4,3.3,2.75,2.37,3.4,2.87,2.42,3.44,3.16,2.5,3.3,2.75,2.38,3.3,2.88,2.45,3.4,3.1,38,2.5,2.4,3.45,3.31,3.16,2.92,37,1.99,1.88,2.02,1.91,20,-0.25,2.11,2.06,1.85,1.81
D1,20/10/13,Hamburg,Stuttgart,3,3,D,1,2,A,20,9,6,3,16,12,10,0,1,2,0,1,2.3,3.4,3,2.35,3.5,2.8,2.3,3.3,2.9,2.37,3.4,2.87,2.42,3.66,3,2.4,3.3,2.88,2.3,3.4,2.8,2.4,3.75,2.9,38,2.44,2.37,3.75,3.46,3,2.85,28,1.6,1.52,2.68,2.4,18,-0.25,2.09,2.03,1.88,1.82
D1,25/10/13,Stuttgart,Nurnberg,1,1,D,1,1,D,10,7,4,6,11,15,2,4,2,1,0,0,1.62,4,5,1.62,4,5,1.65,3.6,5.1,1.61,4,5,1.66,4.14,5.65,1.62,4.2,5,1.62,3.75,5,1.7,4,5.4,37,1.68,1.64,4.2,3.91,5.72,5.24,33,1.73,1.65,2.3,2.2,20,-1,2.23,2.14,1.79,1.74
D1,26/10/13,Bayern Munich,Hertha,3,2,H,1,1,D,13,10,5,5,10,13,4,5,3,4,0,0,1.1,9,21,1.1,10,16.5,1.12,8,16,1.11,9,19,1.11,12,29,1.1,9,26,1.1,8.5,19,1.1,11.5,34,36,1.12,1.1,12,9.65,35.22,22.81,23,1.33,1.28,3.75,3.36,19,-2.5,1.96,1.89,2.01,1.95
D1,26/10/13,Hannover,Hoffenheim,1,4,A,0,2,A,11,10,3,5,21,11,8,1,3,2,2,0,2.3,3.5,2.9,2.25,3.5,3,2.2,3.3,3.1,2.2,3.6,3,2.38,3.61,3.1,2.3,3.5,2.9,2.3,3.4,2.88,2.3,3.6,3,37,2.38,2.28,3.68,3.46,3.1,2.96,27,1.6,1.53,2.62,2.37,19,-0.25,2.06,2.01,1.9,1.85
D1,26/10/13,Leverkusen,Augsburg,2,1,H,1,1,D,24,11,7,1,7,9,13,7,1,3,0,0,1.5,4.33,6,1.48,4.4,6.25,1.45,4,7,1.44,4.5,6.5,1.53,4.55,6.75,1.53,4,6,1.5,4,6,1.533,4.5,6.5,37,1.55,1.5,4.56,4.23,7,6.2,29,1.67,1.6,2.38,2.24,21,-1,1.91,1.85,2.05,1.99
D1,26/10/13,Mainz,Braunschweig,2,0,H,1,0,H,9,6,3,1,25,17,0,8,2,3,0,0,1.57,4.1,5.25,1.57,4,5.75,1.55,4.1,5.3,1.53,4,6,1.62,4.2,6.1,1.6,3.6,6,1.57,3.8,5.5,1.615,4.2,5.75,37,1.62,1.57,4.24,3.99,6.5,5.67,36,1.76,1.69,2.25,2.13,21,-1,2.08,2.01,1.9,1.84
D1,26/10/13,Schalke 04,Dortmund,1,3,A,0,1,A,12,10,5,8,11,12,2,2,3,1,0,0,4.2,3.6,1.83,4,3.75,1.83,3.8,3.45,1.9,4,3.6,1.85,4.58,3.9,1.83,4.2,3.5,1.83,3.8,3.6,1.83,4.2,4,1.87,37,4.58,4.05,3.9,3.71,1.9,1.83,27,1.62,1.55,2.62,2.34,19,0.5,2.12,2.04,1.87,1.82
D1,26/10/13,Wolfsburg,Werder Bremen,3,0,H,1,0,H,19,8,12,2,12,17,5,4,1,2,0,0,1.62,3.75,5.5,1.65,3.75,5.25,1.75,3.5,4.5,1.66,3.75,5,1.68,3.94,5.87,1.7,3.6,5,1.62,3.6,5,1.7,4,5.25,37,1.75,1.66,4,3.75,5.87,5.11,33,1.73,1.64,2.3,2.19,20,-1,2.23,2.16,1.78,1.71
D1,27/10/13,Freiburg,Hamburg,0,3,A,0,1,A,9,17,2,7,14,12,4,4,2,1,0,0,2.6,3.4,2.6,2.6,3.4,2.6,2.5,3.3,2.65,2.5,3.5,2.62,2.71,3.54,2.71,2.7,3.1,2.7,2.6,3.3,2.6,2.625,3.5,2.7,35,2.71,2.59,3.54,3.34,2.71,2.62,34,1.75,1.69,2.28,2.12,17,0,1.98,1.9,1.98,1.92
D1,27/10/13,M'gladbach,Ein Frankfurt,4,1,H,2,1,H,13,11,4,4,8,13,1,3,2,4,0,0,2.05,3.5,3.4,2,3.5,3.6,1.9,3.45,3.8,1.95,3.5,3.75,2.09,3.69,3.7,2.1,3.3,3.5,2,3.5,3.4,2.1,3.6,3.6,35,2.15,2.05,3.69,3.47,3.8,3.48,33,1.7,1.65,2.3,2.18,17,-0.5,2.09,2.03,1.86,1.82
D1,01/11/13,Dortmund,Stuttgart,6,1,H,2,1,H,17,3,10,1,15,4,6,1,1,0,0,0,1.22,6,12,1.25,6.25,9.5,1.27,5.5,9,1.28,5.5,10,1.26,6.75,13.1,1.25,5.5,12,1.25,6.25,13,1.29,6.5,12,36,1.29,1.25,6.72,6.05,13.06,11.51,25,1.45,1.37,3.13,2.91,21,-2,2.27,2.16,1.8,1.73
D1,02/11/13,Braunschweig,Leverkusen,1,0,H,0,0,D,17,16,7,8,12,21,4,4,2,2,0,1,7,4.33,1.44,5.75,4.6,1.48,7,4,1.45,6.5,4.33,1.5,6.88,4.58,1.52,7,4,1.5,6.5,4,1.44,7,4.6,1.5,36,7.5,6.73,4.58,4.17,1.52,1.48,35,1.73,1.65,2.3,2.2,21,1,2.1,2.04,1.88,1.82
D1,02/11/13,Ein Frankfurt,Wolfsburg,1,2,A,1,1,D,10,10,5,3,15,16,8,1,3,2,0,0,2.3,3.4,3,2.35,3.3,3,2.35,3.4,2.8,2.3,3.5,2.9,2.46,3.47,3.07,2.4,3.2,3,2.3,3.2,3,2.3,3.6,3.2,36,2.47,2.37,3.5,3.3,3.2,2.97,35,1.82,1.74,2.15,2.06,19,-0.25,2.12,2.06,1.91,1.82
D1,02/11/13,Hamburg,M'gladbach,0,2,A,0,1,A,17,8,8,4,11,12,7,2,0,2,0,0,2.3,3.5,2.9,2.35,3.5,2.85,2.3,3.3,2.9,2.3,3.4,3,2.29,3.72,3.17,2.3,3.2,3.2,2.25,3.4,3,2.3,3.7,3,36,2.38,2.28,3.72,3.47,3.2,2.99,26,1.57,1.52,2.62,2.4,19,0,1.74,1.67,2.33,2.24
D1,02/11/13,Hertha,Schalke 04,0,2,A,0,1,A,18,11,9,5,21,18,6,4,3,1,0,0,2.3,3.4,3,2.3,3.5,2.9,2.3,3.4,2.85,2.3,3.5,2.87,2.33,3.59,3.2,2.3,3.2,3.2,2.3,3.2,3,2.38,3.6,3.1,36,2.4,2.3,3.59,3.36,3.2,3.03,35,1.77,1.69,2.22,2.13,19,0,1.74,1.68,2.35,2.22
D1,02/11/13,Hoffenheim,Bayern Munich,1,2,A,1,1,D,7,17,3,7,20,16,6,4,2,0,0,0,12,6,1.25,8.5,6,1.28,9,5,1.3,9,5,1.28,11.9,6.4,1.28,11,5,1.3,9.5,5.5,1.27,10.5,6.25,1.3,35,12,9.93,6.31,5.69,1.3,1.27,23,1.4,1.33,3.4,3.1,20,2,1.72,1.65,2.4,2.28
D1,02/11/13,Nurnberg,Freiburg,0,3,A,0,0,D,20,14,12,8,10,15,9,5,0,1,0,1,2,3.4,3.75,2,3.5,3.6,2,3.3,3.6,2.05,3.4,3.5,2.05,3.6,3.93,2.05,3.3,3.6,2,3.4,3.5,2.05,3.6,3.9,36,2.1,2.02,3.6,3.42,3.93,3.62,35,1.97,1.88,1.99,1.91,19,-0.25,1.79,1.75,2.21,2.14
D1,03/11/13,Augsburg,Mainz,2,1,H,1,0,H,19,11,7,4,13,21,6,3,3,3,0,1,2,3.5,3.6,2,3.4,3.7,2.1,3.3,3.3,2,3.5,3.6,2.03,3.56,4.06,2.05,3.3,3.6,2,3.4,3.6,2.05,3.5,3.9,36,2.1,2.01,3.56,3.38,4.06,3.68,35,1.99,1.9,1.97,1.89,19,-0.25,1.76,1.73,2.25,2.17
D1,03/11/13,Werder Bremen,Hannover,3,2,H,2,2,D,12,18,6,6,20,24,3,6,3,4,0,0,2.25,3.5,3,2.25,3.4,3.1,2,3.4,3.5,2.2,3.4,3.2,2.35,3.54,3.2,2.3,3.2,3.2,2.2,3.3,3.13,2.3,3.5,3.2,36,2.38,2.23,3.54,3.36,3.5,3.16,35,1.78,1.7,2.22,2.13,19,-0.25,2.05,1.98,1.93,1.89
D1,08/11/13,Hannover,Braunschweig,0,0,D,0,0,D,19,8,6,1,27,16,6,2,1,1,0,0,1.62,3.8,5.5,1.7,3.8,4.6,1.75,3.5,4.5,1.66,3.75,5,1.67,4.02,5.78,1.67,3.8,5,1.67,3.6,5,1.67,4,5.5,36,1.75,1.66,4.05,3.77,5.89,5.29,35,1.8,1.72,2.2,2.1,19,-1,2.29,2.12,1.82,1.76
D1,09/11/13,Bayern Munich,Augsburg,3,0,H,2,0,H,23,6,9,0,12,11,9,4,0,0,0,0,1.13,8,19,1.12,9.5,14.5,1.12,8,16,1.12,9,19,1.12,10.87,26.38,1.12,8.5,19,1.13,7.5,15,1.13,9.5,23,36,1.14,1.12,10.87,8.47,29.67,19.95,25,1.38,1.31,3.5,3.26,20,-2.5,2.2,2.11,1.79,1.76
D1,09/11/13,Hoffenheim,Hertha,2,3,A,0,1,A,9,11,7,5,22,20,3,3,2,2,0,0,2.2,3.4,3.2,2.05,3.5,3.4,2,3.4,3.5,2.15,3.4,3.25,2.25,3.6,3.36,2.2,3.5,3.1,2.1,3.4,3.2,2.25,3.6,3.25,36,2.26,2.17,3.6,3.42,3.5,3.24,33,1.73,1.67,2.3,2.15,18,-0.5,2.25,2.17,1.77,1.73
D1,09/11/13,Leverkusen,Hamburg,5,3,H,2,1,H,20,11,7,6,12,19,3,6,3,4,0,0,1.5,4.33,6,1.53,4.1,6,1.6,3.8,5.2,1.53,4,6,1.56,4.55,6.22,1.55,4.33,5.5,1.53,4,5.5,1.57,4.5,6,36,1.6,1.54,4.6,4.17,6.22,5.8,26,1.56,1.51,2.63,2.44,20,-1,1.92,1.88,2.04,1.98
D1,09/11/13,M'gladbach,Nurnberg,3,1,H,0,1,A,12,19,4,3,8,18,6,3,2,2,0,0,1.53,4.1,6,1.53,4.33,5.5,1.5,4,6.1,1.53,4,6,1.57,4.39,6.44,1.55,4,6,1.53,4,5.75,1.55,4.5,6.25,36,1.57,1.53,4.5,4.12,6.65,6.1,35,1.75,1.69,2.28,2.14,20,-1,1.98,1.9,2.01,1.95
D1,09/11/13,Schalke 04,Werder Bremen,3,1,H,0,1,A,17,9,6,3,16,19,6,2,2,4,0,0,1.57,4,5.5,1.6,4.33,4.75,1.65,3.6,5.1,1.57,4,5.5,1.62,4.37,5.82,1.62,4.2,5,1.57,3.8,5,1.65,4.33,5.5,36,1.67,1.6,4.37,3.99,5.82,5.32,26,1.67,1.57,2.5,2.32,20,-1,2.11,2.03,1.88,1.83
D1,09/11/13,Wolfsburg,Dortmund,2,1,H,0,1,A,10,12,4,2,13,19,5,2,2,4,0,0,4.5,3.8,1.73,5,3.8,1.65,4.5,3.7,1.7,4.5,3.75,1.72,5.21,3.89,1.75,4.33,4,1.73,4.33,3.75,1.73,4.6,4,1.75,36,5.21,4.58,4,3.78,1.76,1.73,26,1.62,1.56,2.5,2.35,18,0.5,2.25,2.16,1.77,1.73
D1,10/11/13,Freiburg,Stuttgart,1,3,A,0,2,A,19,10,5,7,7,13,7,2,2,1,0,0,3,3.4,2.3,2.75,3.5,2.4,2.65,3.3,2.5,2.87,3.3,2.4,3.06,3.57,2.42,2.8,3.5,2.4,2.88,3.25,2.3,3,3.5,2.4,35,3.12,2.96,3.55,3.34,2.5,2.35,34,1.78,1.71,2.2,2.11,19,0,2.27,2.16,1.77,1.71
D1,10/11/13,Mainz,Ein Frankfurt,1,0,H,0,0,D,20,14,9,4,20,17,6,6,4,1,0,0,2.5,3.3,2.88,2.45,3.3,2.8,2.4,3.3,2.75,2.5,3.3,2.8,2.52,3.52,2.95,2.45,3.4,2.8,2.4,3.2,2.8,2.6,3.5,2.8,35,2.6,2.49,3.52,3.3,2.95,2.81,34,1.9,1.82,2.1,1.97,17,0,1.89,1.82,2.12,2.02
D1,22/11/13,Stuttgart,M'gladbach,0,2,A,0,1,A,9,19,2,11,14,10,1,5,0,2,0,0,2.3,3.5,2.9,2.25,3.5,2.95,2.3,3.3,2.9,2.25,3.5,3,2.3,3.59,3.26,2.1,3.7,3.1,2.2,3.3,3,2.25,3.7,3.2,35,2.34,2.26,3.7,3.44,3.3,3.09,31,1.7,1.65,2.32,2.21,19,0,1.7,1.65,2.38,2.27
D1,23/11/13,Augsburg,Hoffenheim,2,0,H,2,0,H,16,8,5,3,14,24,5,4,2,3,0,0,2.1,3.5,3.3,2.2,3.5,3.1,2.2,3.3,3.1,2.15,3.3,3.4,2.2,3.58,3.49,2.2,3.3,3.3,2.1,3.3,3.3,2.15,3.6,3.4,36,2.2,2.14,3.63,3.4,3.5,3.31,35,1.75,1.69,2.28,2.15,19,-0.5,2.2,2.14,1.78,1.74
D1,23/11/13,Braunschweig,Freiburg,0,1,A,0,0,D,21,8,7,2,14,17,6,1,3,1,0,0,2.4,3.3,2.9,2.3,3.4,2.95,2.1,3.3,3.3,2.25,3.5,3,2.43,3.45,3.14,2.4,3.1,3.1,2.3,3.2,3,2.45,3.4,3.12,35,2.45,2.37,3.45,3.27,3.3,3,34,2.09,2,1.85,1.79,18,-0.25,2.09,2.06,1.88,1.82
D1,23/11/13,Dortmund,Bayern Munich,0,3,A,0,0,D,7,10,4,5,7,13,2,3,2,3,0,0,3.6,3.6,2,3.7,3.6,1.95,3.5,3.35,2.1,3.6,3.5,2,3.67,3.68,2.1,3.5,3.3,2.1,3.5,3.4,2,3.4,3.6,2.1,35,3.75,3.52,3.71,3.5,2.12,2.04,31,1.67,1.62,2.38,2.26,18,0.5,1.85,1.8,2.13,2.08
D1,23/11/13,Ein Frankfurt,Schalke 04,3,3,D,0,2,A,15,13,8,9,22,20,5,1,4,0,0,0,2.6,3.4,2.6,2.6,3.5,2.55,2.6,3.2,2.6,2.62,3.5,2.5,2.69,3.55,2.69,2.7,3.1,2.7,2.5,3.3,2.6,2.7,3.6,2.62,36,2.75,2.61,3.58,3.36,2.71,2.61,35,1.7,1.65,2.33,2.21,19,0.25,1.7,1.67,2.33,2.26
D1,23/11/13,Hertha,Leverkusen,0,1,A,0,1,A,12,4,2,2,15,14,9,1,1,1,0,0,3,3.25,2.38,2.9,3.5,2.3,2.9,3.3,2.3,3,3.5,2.25,3.02,3.49,2.48,3,3,2.5,2.88,3.25,2.38,3,3.5,2.45,36,3.06,2.92,3.54,3.34,2.5,2.37,35,1.85,1.78,2.1,2.01,19,0,2.25,2.15,1.77,1.72
D1,23/11/13,Nurnberg,Wolfsburg,1,1,D,0,1,A,11,23,6,6,19,17,3,5,1,1,0,0,3.2,3.4,2.2,3.4,3.3,2.15,3.3,3.3,2.1,3.25,3.3,2.2,3.64,3.35,2.23,3.3,3.3,2.2,3.3,3.3,2.1,3.5,3.4,2.2,35,3.57,3.3,3.48,3.33,2.26,2.17,34,1.97,1.86,2.04,1.92,18,0.5,1.76,1.72,2.26,2.18
D1,24/11/13,Hamburg,Hannover,3,1,H,1,1,D,19,11,9,4,19,24,7,3,3,2,0,1,2,3.6,3.5,2.05,3.5,3.4,2,3.3,3.6,2.05,3.5,3.4,2.12,3.68,3.61,2.1,3.3,3.5,2.05,3.4,3.4,2.1,3.75,3.5,36,2.15,2.04,3.7,3.48,3.7,3.51,26,1.67,1.57,2.4,2.28,19,-0.5,2.11,2.06,1.85,1.81
D1,24/11/13,Werder Bremen,Mainz,2,3,A,0,2,A,24,18,8,7,18,22,7,9,1,2,0,0,2.38,3.4,2.88,2.35,3.5,2.8,2.2,3.3,3.1,2.3,3.4,3,2.5,3.5,2.99,2.4,3.2,3,2.38,3.25,2.88,2.5,3.5,2.9,36,2.5,2.39,3.55,3.34,3.1,2.91,35,1.82,1.77,2.12,2.03,19,0,1.8,1.74,2.2,2.12
D1,29/11/13,Wolfsburg,Hamburg,1,1,D,1,1,D,20,17,4,8,16,12,2,3,4,1,0,0,1.8,3.6,4.33,1.83,3.75,4,1.85,3.5,3.9,1.83,3.6,4.33,1.85,3.94,4.4,1.83,3.5,4.33,1.8,3.6,4,1.85,3.9,4.3,37,1.87,1.8,3.95,3.74,4.5,4.24,34,1.67,1.61,2.42,2.28,21,-0.5,1.85,1.81,2.13,2.06
D1,30/11/13,Bayern Munich,Braunschweig,2,0,H,2,0,H,18,8,8,3,9,17,6,3,0,0,0,0,1.06,15,51,1.06,12.5,23,1.08,9.5,22,1.08,10,23,1.07,15.76,39.4,1.08,10,34,1.06,10,29,1.083,12,51,37,1.08,1.06,15.76,11.62,56,33.2,25,1.33,1.27,3.9,3.53,20,-3,2.2,2.13,1.8,1.75
D1,30/11/13,Hertha,Augsburg,0,0,D,0,0,D,9,2,2,0,16,22,6,3,1,1,0,0,2,3.5,3.6,2,3.5,3.6,2.1,3.3,3.3,2,3.4,3.75,2.01,3.52,4.19,2,3.3,3.8,2,3.3,3.6,2.05,3.5,3.9,37,2.1,2,3.53,3.38,4.19,3.74,36,2.03,1.94,1.92,1.85,19,-0.75,2.42,2.32,1.69,1.64
D1,30/11/13,Hoffenheim,Werder Bremen,4,4,D,2,2,D,18,13,8,6,28,20,3,9,2,5,0,0,1.8,3.75,4.2,1.8,3.8,4,1.9,3.45,3.8,1.83,3.75,4,1.82,4.03,4.51,1.83,3.4,4.5,1.8,3.6,4.33,1.833,4,4.333,37,1.9,1.8,4.03,3.71,4.53,4.24,27,1.62,1.56,2.5,2.34,20,-0.75,2.08,2,1.91,1.87
D1,30/11/13,Leverkusen,Nurnberg,3,0,H,1,0,H,17,16,7,5,18,14,4,5,1,3,0,0,1.44,4.5,6.5,1.42,4.75,6.75,1.4,4.4,7.3,1.4,4.5,7.5,1.45,4.87,7.95,1.44,4.33,7,1.4,4.8,6.25,1.45,4.8,7,37,1.47,1.42,5,4.69,8.5,6.87,27,1.63,1.57,2.41,2.3,20,-1,1.77,1.71,2.25,2.18
D1,30/11/13,Mainz,Dortmund,1,3,A,0,0,D,12,16,6,6,11,16,6,5,1,0,1,0,5,4.33,1.57,5,4.5,1.55,5.1,3.6,1.65,5.5,4,1.57,5.88,4.48,1.6,5.5,3.8,1.6,4.8,4.33,1.57,5.5,4.4,1.615,37,6,5.31,4.46,4.15,1.65,1.58,27,1.57,1.5,2.57,2.45,22,1,1.91,1.87,2.03,1.99
D1,30/11/13,Schalke 04,Stuttgart,3,0,H,1,0,H,12,9,5,1,15,17,5,2,2,0,0,0,1.67,3.8,5,1.75,4,4.1,1.8,3.5,4.2,1.75,3.75,4.5,1.77,4.14,4.71,1.8,3.5,4.5,1.73,3.6,4.33,1.8,4,4.5,37,1.8,1.74,4.11,3.77,5.25,4.49,27,1.6,1.55,2.5,2.34,20,-0.75,2.01,1.96,1.95,1.9
D1,01/12/13,Hannover,Ein Frankfurt,2,0,H,1,0,H,13,12,3,4,19,18,7,7,1,2,0,1,2.4,3.4,2.8,2.4,3.5,2.75,2.45,3.3,2.7,2.3,3.5,2.9,2.47,3.53,3.01,2.5,3.2,2.8,2.38,3.3,2.8,2.5,3.5,2.9,37,2.5,2.41,3.57,3.38,3.01,2.84,36,1.87,1.78,2.1,2.01,20,-0.25,2.15,2.1,1.82,1.78
D1,01/12/13,M'gladbach,Freiburg,1,0,H,0,0,D,12,9,4,4,8,14,6,4,1,2,0,0,1.4,4.33,8.5,1.42,4.75,6.75,1.45,4,7,1.44,4.33,7,1.43,4.84,8.66,1.44,4,8,1.44,4.33,7,1.45,4.8,8,37,1.47,1.43,4.84,4.4,8.66,7.34,34,1.73,1.66,2.3,2.17,22,-1.5,2.35,2.23,1.74,1.67
D1,06/12/13,Nurnberg,Mainz,1,1,D,1,0,H,16,12,5,4,6,11,14,3,1,2,0,1,2.6,3.2,2.75,2.55,3.25,2.75,2.5,3.3,2.65,2.6,3.25,2.7,2.54,3.49,2.95,2.6,3.4,2.62,2.5,3.2,2.8,2.55,3.4,2.9,38,2.63,2.5,3.48,3.32,3,2.83,37,1.95,1.9,2.01,1.89,23,-0.25,2.18,2.12,1.81,1.76
D1,07/12/13,Dortmund,Leverkusen,0,1,A,0,1,A,13,7,5,4,18,25,3,4,1,4,1,1,1.5,4.33,6,1.5,4.4,5.75,1.55,4,5.5,1.57,4,5.5,1.54,4.51,6.68,1.57,3.8,6,1.53,4,5.75,1.55,4.5,6.25,38,1.57,1.53,4.54,4.26,6.5,5.89,26,1.55,1.51,2.63,2.44,24,-1,1.93,1.84,2.09,2.01
D1,07/12/13,Ein Frankfurt,Hoffenheim,1,2,A,0,0,D,13,11,7,4,21,27,4,4,5,2,0,0,2.1,3.6,3.25,2.1,3.6,3.2,2.15,3.3,3.2,2.1,3.5,3.25,2.18,3.71,3.42,2.1,3.6,3.25,2.1,3.4,3.25,2.2,3.7,3.3,38,2.2,2.12,3.75,3.52,3.45,3.29,28,1.6,1.56,2.52,2.34,22,-0.5,2.19,2.12,1.79,1.75
D1,07/12/13,Hamburg,Augsburg,0,1,A,0,1,A,8,16,5,6,17,17,7,11,2,1,0,0,2.05,3.5,3.5,2,3.7,3.4,2,3.3,3.6,2.1,3.4,3.4,2.08,3.65,3.77,2.1,3.3,3.5,2.05,3.4,3.4,2.1,3.6,3.7,38,2.12,2.05,3.64,3.46,3.74,3.54,37,1.81,1.74,2.16,2.07,22,-0.25,1.82,1.76,2.19,2.11
D1,07/12/13,M'gladbach,Schalke 04,2,1,H,2,1,H,19,9,8,3,11,17,8,1,1,3,0,1,2.25,3.4,3.1,2.25,3.5,3,2.2,3.3,3.1,2.3,3.3,3.1,2.32,3.63,3.19,2.25,3.2,3.3,2.2,3.4,3.13,2.25,3.6,3.2,38,2.32,2.23,3.64,3.44,3.3,3.11,36,1.67,1.62,2.38,2.26,22,-0.25,2,1.94,1.97,1.92
D1,07/12/13,Stuttgart,Hannover,4,2,H,2,2,D,13,14,8,4,15,20,3,3,1,2,0,0,2,3.5,3.6,1.95,3.6,3.6,1.85,3.5,3.9,1.9,3.6,3.75,2.02,3.65,3.96,2.05,3.3,3.6,1.95,3.4,3.6,2.05,3.6,3.75,38,2.06,1.98,3.69,3.5,3.9,3.72,37,1.76,1.7,2.38,2.13,22,-0.5,2.03,1.98,1.92,1.88
D1,07/12/13,Werder Bremen,Bayern Munich,0,7,A,0,3,A,6,17,2,10,13,15,2,7,4,2,0,0,12,6,1.22,9.75,6,1.25,9,6,1.25,12,6,1.22,13.51,6.69,1.26,13,5.5,1.25,9.5,6,1.25,11,6.5,1.25,38,13.5,11.15,6.65,6.22,1.27,1.24,26,1.45,1.39,3,2.81,23,2,1.78,1.7,2.28,2.19
D1,08/12/13,Braunschweig,Hertha,0,2,A,0,1,A,13,16,2,6,18,22,8,2,2,4,1,0,3.5,3.3,2.1,3.3,3.4,2.15,3,3.3,2.25,3.4,3.4,2.1,3.92,3.43,2.11,3.25,3.4,2.15,3.5,3.3,2.05,4,3.4,2.1,38,4,3.58,3.5,3.32,2.25,2.09,37,2.19,2.06,1.8,1.74,20,0.5,1.86,1.81,2.11,2.07
D1,08/12/13,Freiburg,Wolfsburg,0,3,A,0,2,A,13,17,2,7,11,16,4,7,0,1,0,0,3.75,3.4,2,3.5,3.6,2,3.2,3.3,2.15,3.75,3.4,2,4.09,3.6,2.01,3.5,3.3,2.1,3.6,3.4,1.95,3.9,3.6,2.05,37,4.04,3.67,3.6,3.44,2.15,2.01,36,1.94,1.86,2,1.92,20,0.25,2.24,2.15,1.78,1.74
D1,13/12/13,Hertha,Werder Bremen,3,2,H,2,2,D,12,9,4,4,15,21,6,4,1,2,0,0,1.62,4,5.25,1.6,4,5.25,1.7,3.7,4.5,1.65,4,4.75,1.65,4.15,5.73,1.55,4,6,1.57,3.8,5.5,1.67,4.1,5.5,35,1.7,1.62,4.27,4.01,5.81,5.36,33,1.74,1.68,2.3,2.16,18,-1,2.14,2.07,1.84,1.8
D1,14/12/13,Augsburg,Braunschweig,4,1,H,3,0,H,20,9,8,1,16,14,5,0,2,2,0,0,1.5,4,7,1.5,4.25,6,1.57,3.75,5.6,1.53,4,6,1.53,4.33,7.4,1.57,3.75,6,1.44,4,6.5,1.53,4.3,7,34,1.57,1.5,4.33,4.09,7.5,6.71,33,2.06,1.93,1.97,1.86,19,-1,1.94,1.86,2.04,1.99
D1,14/12/13,Bayern Munich,Hamburg,3,1,H,1,0,H,22,13,8,6,13,15,5,2,0,2,0,0,1.1,9,21,1.09,10.5,17.5,1.12,8,16,1.1,9,21,1.1,13.85,26.77,1.1,9,21,1.08,10,34,1.09,13,31,36,1.12,1.09,13.5,10.11,34,24.81,22,1.26,1.23,4.33,3.84,20,-2.5,1.82,1.77,2.16,2.08
D1,14/12/13,Hannover,Nurnberg,3,3,D,0,3,A,21,16,6,6,13,21,5,7,3,2,0,0,1.95,3.5,3.75,1.91,3.5,3.9,2,3.3,3.6,1.85,3.6,4,1.97,3.71,4.09,2,3.2,4,1.91,3.5,3.75,2,3.7,4,35,2.02,1.95,3.73,3.51,4.05,3.8,33,1.89,1.81,2.1,1.98,18,-0.5,1.99,1.94,1.97,1.92
D1,14/12/13,Hoffenheim,Dortmund,2,2,D,2,1,H,14,16,4,8,19,13,2,4,2,3,0,0,4.33,4,1.73,4.75,3.9,1.67,4.5,3.7,1.7,4.5,3.75,1.72,4.74,4.17,1.76,4.5,3.5,1.8,4.33,3.75,1.73,4.4,4.2,1.75,36,5,4.5,4.21,3.87,1.8,1.73,20,1.45,1.41,3,2.76,18,0.75,2,1.95,1.96,1.91
D1,14/12/13,Mainz,M'gladbach,0,0,D,0,0,D,6,10,0,1,6,8,1,4,0,2,0,0,2.75,3.3,2.5,2.8,3.3,2.45,2.65,3.3,2.5,2.7,3.4,2.5,2.8,3.47,2.67,2.7,3.1,2.7,2.63,3.3,2.5,2.8,3.4,2.62,36,2.85,2.71,3.46,3.3,2.7,2.57,34,1.92,1.84,2.02,1.95,19,0,2.01,1.96,1.94,1.88
D1,14/12/13,Wolfsburg,Stuttgart,3,1,H,1,0,H,12,9,6,4,18,21,2,4,2,2,0,0,1.75,3.75,4.5,1.75,3.8,4.25,1.75,3.5,4.5,1.8,3.75,4.2,1.76,3.98,4.96,1.83,3.4,4.5,1.73,3.6,4.5,1.8,3.9,4.6,36,1.83,1.77,3.96,3.7,4.86,4.48,31,1.69,1.64,2.36,2.21,19,-1,2.4,2.31,1.69,1.64
D1,15/12/13,Leverkusen,Ein Frankfurt,0,1,A,0,0,D,15,16,7,5,15,23,8,4,4,3,0,0,1.44,4.33,7,1.48,4.75,5.5,1.45,4.2,6.5,1.44,4.2,7.5,1.5,4.65,7.19,1.53,3.75,7,1.44,4,6.25,1.53,4.6,6.5,36,1.53,1.48,4.68,4.23,7.5,6.75,26,1.62,1.55,2.5,2.35,20,-1,1.83,1.78,2.15,2.08
D1,15/12/13,Schalke 04,Freiburg,2,0,H,1,0,H,13,8,4,1,17,19,8,4,0,3,0,0,1.4,4.5,8,1.44,5,6,1.4,4.7,6.6,1.4,4.5,8,1.43,4.98,8.21,1.4,4.5,8,1.4,4.5,7,1.44,4.8,8,36,1.45,1.41,4.94,4.59,8.5,7.53,26,1.6,1.53,2.55,2.38,20,-1.5,2.3,2.18,1.75,1.7
D1,20/12/13,Ein Frankfurt,Augsburg,1,1,D,1,1,D,5,9,5,3,18,14,4,3,3,2,0,0,2.3,3.4,3,2.25,3.5,3,2.3,3.3,2.9,2.37,3.3,3,2.39,3.45,3.21,2.25,3.3,3.2,2.3,3.25,3,2.4,3.4,3.12,37,2.41,2.32,3.45,3.33,3.23,3.1,36,2,1.91,1.95,1.87,19,-0.25,2.07,2.02,1.89,1.85
D1,21/12/13,Braunschweig,Hoffenheim,1,0,H,1,0,H,14,16,8,3,17,19,7,8,1,2,1,0,4,3.4,1.91,4,3.7,1.83,3.5,3.4,2,4,3.4,1.9,4.17,3.83,1.93,4.2,3.3,1.91,4,3.4,1.83,4,3.8,1.95,37,4.35,3.95,3.8,3.52,2,1.91,36,1.73,1.67,2.28,2.17,16,0.25,2.35,2.27,1.7,1.67
D1,21/12/13,Dortmund,Hertha,1,2,A,1,2,A,20,6,5,4,20,19,5,0,2,3,0,0,1.36,5,7.5,1.36,5.25,7,1.4,4.4,7.3,1.36,5,7.5,1.38,5.43,9.11,1.36,4.8,8,1.36,4.8,7,1.36,5.4,8.5,37,1.41,1.36,5.48,4.97,9.61,8.05,27,1.5,1.43,2.8,2.67,21,-1.5,2.08,2.01,1.88,1.83
D1,21/12/13,Freiburg,Hannover,2,1,H,2,0,H,11,20,3,6,16,13,0,1,1,2,0,0,2.45,3.3,2.8,2.5,3.4,2.7,2.5,3.4,2.6,2.45,3.3,2.8,2.59,3.45,2.91,2.6,3.1,2.8,2.5,3.13,2.75,2.6,3.4,2.88,37,2.6,2.5,3.46,3.27,2.96,2.82,36,2,1.89,1.97,1.89,19,0,1.87,1.82,2.12,2.03
D1,21/12/13,Hamburg,Mainz,2,3,A,1,0,H,18,13,8,7,21,13,5,3,1,1,1,0,2.1,3.5,3.3,2.05,3.5,3.4,2,3.4,3.5,2.1,3.3,3.5,2.09,3.63,3.76,2.1,3.2,3.6,2,3.3,3.6,2.1,3.6,3.6,37,2.12,2.05,3.63,3.41,3.78,3.6,36,1.81,1.74,2.15,2.05,18,-0.5,2.09,2.05,1.86,1.82
D1,21/12/13,Nurnberg,Schalke 04,0,0,D,0,0,D,15,8,4,2,14,19,9,4,0,0,0,0,3.4,3.5,2.05,3.4,3.5,2.05,3.6,3.3,2,3.2,3.4,2.2,3.45,3.6,2.21,3.2,3.4,2.2,3.25,3.3,2.1,3.4,3.6,2.15,36,3.6,3.35,3.64,3.42,2.21,2.13,35,1.8,1.7,2.25,2.11,17,0.5,1.8,1.74,2.21,2.14
D1,21/12/13,Werder Bremen,Leverkusen,1,0,H,0,0,D,11,22,3,5,14,10,5,9,2,3,0,0,4.5,3.75,1.73,4.5,3.8,1.72,4.2,3.5,1.8,4.5,3.75,1.72,4.75,3.97,1.79,4.5,3.5,1.8,4.5,3.6,1.73,4.5,3.9,1.8,37,4.75,4.43,3.95,3.71,1.83,1.77,28,1.6,1.54,2.56,2.39,19,1,1.66,1.63,2.49,2.33
D1,22/12/13,M'gladbach,Wolfsburg,2,2,D,0,0,D,14,18,4,13,10,12,4,4,1,3,0,0,2.1,3.4,3.4,2.15,3.4,3.3,2,3.3,3.6,2.1,3.4,3.4,2.22,3.49,3.53,2.2,3.4,3.2,2.1,3.25,3.3,2.25,3.4,3.4,37,2.25,2.16,3.55,3.32,3.6,3.37,36,1.94,1.85,2,1.93,18,-0.25,1.92,1.88,2.02,1.98
D1,24/01/14,M'gladbach,Bayern Munich,0,2,A,0,1,A,10,24,5,13,12,9,5,5,2,1,0,0,6.5,4.5,1.44,6.75,4.75,1.42,5.4,3.7,1.6,7.5,4.75,1.4,7.69,4.75,1.47,7.5,4.6,1.4,6,4.33,1.44,7.5,4.75,1.45,39,8.1,7.07,4.85,4.55,1.6,1.45,31,1.67,1.59,2.48,2.29,19,1.25,1.9,1.81,2.16,2.08
D1,25/01/14,Dortmund,Augsburg,2,2,D,1,0,H,18,6,4,1,17,25,5,1,2,2,0,0,1.29,5.5,9.5,1.33,5.5,7.5,1.33,5,8,1.33,5,8.5,1.32,5.99,10.45,1.33,5,9,1.3,5,9,1.33,5.5,10,40,1.35,1.31,6,5.32,11,9.46,21,1.5,1.46,2.8,2.58,23,-1.5,1.97,1.9,2.05,1.96
D1,25/01/14,Ein Frankfurt,Hertha,1,0,H,1,0,H,5,7,1,2,20,23,1,2,2,3,0,0,2.38,3.4,2.88,2.35,3.4,2.9,2.45,3.3,2.7,2.4,3.4,2.8,2.38,3.45,3.22,2.4,3.1,3.1,2.3,3.25,3,2.4,3.4,3.2,39,2.45,2.36,3.5,3.34,3.22,2.99,38,1.99,1.9,1.97,1.88,20,0,1.75,1.7,2.3,2.19
D1,25/01/14,Freiburg,Leverkusen,3,2,H,1,2,A,13,15,5,8,14,10,4,8,2,1,0,0,4.5,3.75,1.73,4.4,3.75,1.75,4.5,3.5,1.75,4.5,3.75,1.75,5.22,3.83,1.76,5,3.4,1.75,4.5,3.6,1.73,4.8,3.75,1.75,39,5.3,4.73,3.9,3.67,1.8,1.74,34,1.77,1.69,2.26,2.12,19,0.75,1.98,1.92,2,1.95
D1,25/01/14,Nurnberg,Hoffenheim,4,0,H,2,0,H,16,12,7,3,19,25,3,3,1,3,0,0,2.6,3.4,2.63,2.55,3.6,2.55,2.4,3.3,2.75,2.6,3.3,2.62,2.61,3.62,2.77,2.62,3.1,2.75,2.5,3.25,2.63,2.62,3.4,2.75,40,2.65,2.56,3.61,3.37,2.8,2.69,31,1.7,1.63,2.42,2.22,21,0,1.92,1.87,2.03,1.97
D1,25/01/14,Stuttgart,Mainz,1,2,A,1,1,D,14,10,5,4,17,13,5,3,1,2,0,0,2.05,3.4,3.5,2,3.5,3.6,2.1,3.3,3.3,2,3.5,3.6,2.12,3.54,3.76,2.1,3.3,3.5,2.05,3.4,3.4,2.1,3.5,3.5,40,2.13,2.05,3.64,3.46,3.85,3.53,37,1.79,1.7,2.26,2.11,20,-0.5,2.13,2.07,1.84,1.8
D1,25/01/14,Wolfsburg,Hannover,1,3,A,1,1,D,24,10,8,6,14,17,7,3,2,1,0,0,1.55,4.2,5.5,1.57,4,5.5,1.65,3.7,4.9,1.57,4,5.5,1.58,4.43,6.22,1.6,3.6,6,1.53,3.8,5.75,1.6,4.2,6,40,1.65,1.57,4.45,4.01,6.5,5.84,30,1.66,1.6,2.48,2.26,23,-1,2,1.95,1.96,1.9
D1,26/01/14,Hamburg,Schalke 04,0,3,A,0,1,A,11,12,3,9,9,23,3,3,0,2,0,0,2.7,3.6,2.4,2.8,3.5,2.35,2.65,3.3,2.5,2.75,3.5,2.4,2.83,3.67,2.53,2.8,3.2,2.5,2.75,3.4,2.4,2.8,3.6,2.5,40,2.9,2.76,3.7,3.46,2.53,2.45,30,1.57,1.53,2.64,2.41,21,0,2.1,2.02,1.88,1.83
D1,26/01/14,Werder Bremen,Braunschweig,0,0,D,0,0,D,12,7,3,2,20,17,6,3,2,2,0,0,1.85,3.5,4.2,1.75,3.7,4.5,1.7,3.7,4.5,1.73,3.75,4.5,1.92,3.64,4.46,1.85,3.4,4.33,1.83,3.5,4,1.91,3.6,4.4,40,1.92,1.84,3.76,3.56,4.55,4.26,38,1.89,1.8,2.06,1.98,20,-0.5,1.9,1.86,2.05,2.01
D1,29/01/14,Stuttgart,Bayern Munich,1,2,A,1,0,H,11,24,3,7,13,10,2,8,5,3,0,0,10,6,1.25,9,6.5,1.25,7.6,4.8,1.35,10,5.5,1.29,12.45,6.35,1.28,11,5,1.29,9,5.75,1.25,11.5,6,1.29,42,13,10.32,6.6,5.94,1.35,1.27,32,1.45,1.39,3.05,2.9,20,1.5,2.26,2.15,1.8,1.75
D1,31/01/14,Braunschweig,Dortmund,1,2,A,0,1,A,16,20,5,6,18,17,7,8,0,1,0,0,10,5.5,1.29,9.25,5.75,1.28,7.3,4.4,1.4,8.5,5.5,1.3,11.95,6.01,1.3,10,5.5,1.29,10,5.25,1.27,12,5.75,1.3,44,12,10.22,6,5.5,1.4,1.3,33,1.58,1.52,2.7,2.46,26,1.5,2.14,2.06,1.86,1.82
D1,01/02/14,Augsburg,Werder Bremen,3,1,H,1,1,D,20,4,5,0,11,20,6,4,1,3,0,1,1.67,3.75,5,1.67,3.9,4.75,1.75,3.5,4.5,1.7,3.6,5,1.7,4,5.49,1.75,3.4,5,1.67,3.75,5,1.7,3.8,5.25,44,1.75,1.69,4.2,3.76,5.6,5.01,42,1.8,1.73,2.25,2.07,22,-1,2.26,2.19,1.76,1.72
D1,01/02/14,Hannover,M'gladbach,3,1,H,0,0,D,16,12,6,6,9,14,7,7,1,2,0,0,2.7,3.4,2.5,2.65,3.4,2.55,2.6,3.2,2.6,2.7,3.25,2.6,2.79,3.47,2.68,2.7,3.1,2.7,2.75,3.25,2.5,2.8,3.5,2.62,43,2.94,2.73,3.5,3.33,2.7,2.56,41,1.81,1.75,2.25,2.04,23,0,2.1,1.98,1.92,1.87
D1,01/02/14,Hoffenheim,Hamburg,3,0,H,2,0,H,14,7,7,0,26,14,7,5,0,1,0,0,2.05,3.4,3.5,2,3.75,3.4,2,3.4,3.5,2,3.75,3.4,2.04,3.86,3.69,2.05,3.4,3.5,2,3.5,3.4,2.05,3.8,3.4,44,2.1,2.03,3.86,3.59,3.7,3.46,33,1.55,1.48,2.8,2.57,23,-0.5,2.1,2.03,1.89,1.84
D1,01/02/14,Leverkusen,Stuttgart,2,1,H,1,1,D,11,10,5,3,17,16,4,8,2,2,0,0,1.5,4.2,6.25,1.5,4.4,5.75,1.55,4,5.4,1.53,4,6,1.53,4.41,7.1,1.53,3.75,7,1.5,4,5.75,1.55,4.4,6.25,44,1.57,1.52,4.5,4.23,7.7,6.14,34,1.65,1.56,2.56,2.36,26,-1,1.9,1.85,2.07,2.01
D1,01/02/14,Mainz,Freiburg,2,0,H,1,0,H,13,6,5,1,10,28,5,5,2,2,0,0,1.75,3.75,4.5,1.75,3.7,4.4,1.8,3.5,4.2,1.75,3.6,4.75,1.8,3.78,5.01,1.8,3.5,4.5,1.73,3.6,4.5,1.8,3.75,5,44,1.81,1.76,3.85,3.65,5.26,4.67,43,1.95,1.88,2,1.89,20,-1,2.5,2.37,1.67,1.61
D1,01/02/14,Schalke 04,Wolfsburg,2,1,H,1,0,H,13,10,6,6,16,14,4,6,3,3,0,1,2,3.5,3.6,2,3.5,3.6,2,3.3,3.6,2,3.6,3.5,2.07,3.72,3.74,2.05,3.4,3.5,2,3.4,3.5,2.05,3.75,3.6,44,2.1,2.02,3.75,3.52,3.9,3.57,41,1.7,1.63,2.43,2.24,23,-0.5,2.1,2.03,1.89,1.84
D1,02/02/14,Bayern Munich,Ein Frankfurt,5,0,H,2,0,H,25,9,14,3,16,12,12,2,0,0,0,0,1.1,10,17,1.11,9.25,16.5,1.11,8,20,1.11,8.5,21,1.12,11.07,26.45,1.12,8,21,1.1,8.5,19,1.12,9.5,29,44,1.13,1.11,12,9.18,33,21.4,31,1.39,1.32,3.5,3.25,26,-2.5,2.05,1.97,1.97,1.89
D1,02/02/14,Hertha,Nurnberg,1,3,A,1,1,D,13,11,4,4,17,25,3,3,3,3,0,0,1.83,3.6,4.2,1.83,3.6,4.1,1.9,3.5,3.7,1.8,3.6,4.33,1.93,3.61,4.46,1.91,3.3,4.2,1.83,3.5,3.8,1.9,3.75,4.3,44,1.94,1.88,3.75,3.56,4.6,4.08,43,1.95,1.86,2.01,1.92,23,-0.5,1.95,1.89,2.02,1.98
D1,07/02/14,M'gladbach,Leverkusen,0,1,A,0,0,D,14,12,3,3,11,15,4,3,2,4,0,0,2.55,3.3,2.7,2.55,3.5,2.55,2.6,3.2,2.6,2.62,3.4,2.62,2.65,3.51,2.8,2.7,3.25,2.62,2.63,3.5,2.75,2.7,3.4,2.75,43,2.7,2.59,3.51,3.38,2.9,2.71,41,1.83,1.75,2.17,2.05,25,0,1.93,1.88,2.05,1.97
D1,08/02/14,Ein Frankfurt,Braunschweig,3,0,H,3,0,H,19,10,7,1,14,23,10,2,2,1,0,0,1.62,3.75,5.5,1.62,4,5,1.65,3.6,5.1,1.61,3.75,5.5,1.65,4.09,5.96,1.67,3.5,5.5,1.62,3.75,5.25,1.65,4,5.75,43,1.68,1.63,4.1,3.84,6.1,5.48,42,1.9,1.81,2.05,1.98,24,-1,2.18,2.11,1.82,1.77
D1,08/02/14,Freiburg,Hoffenheim,1,1,D,0,0,D,11,18,4,4,21,15,3,2,3,2,0,0,2.63,3.5,2.5,2.65,3.5,2.5,2.65,3.3,2.5,2.6,3.4,2.6,2.89,3.5,2.58,2.9,3.1,2.5,2.75,3.25,2.5,2.8,3.5,2.5,43,2.94,2.77,3.59,3.38,2.6,2.5,38,1.7,1.64,2.42,2.22,25,0,2.1,2.03,1.89,1.82
D1,08/02/14,Hamburg,Hertha,0,3,A,0,3,A,14,10,3,4,17,12,8,3,2,0,0,0,2.6,3.4,2.6,2.55,3.5,2.55,2.55,3.3,2.6,2.5,3.4,2.7,2.79,3.49,2.67,2.7,3.1,2.7,2.63,3.25,2.5,2.8,3.4,2.62,43,2.8,2.65,3.5,3.35,2.8,2.63,42,1.88,1.79,2.1,2,24,0,2.04,1.96,1.95,1.89
D1,08/02/14,Nurnberg,Bayern Munich,0,2,A,0,1,A,9,18,2,6,26,21,3,5,2,3,0,0,11,6.5,1.22,9.25,7,1.22,10,5.2,1.27,13,6.5,1.2,14.35,6.74,1.25,15,5.5,1.22,10,6,1.22,13,6.5,1.25,43,15,12.26,7,6.22,1.27,1.23,32,1.45,1.4,3.05,2.85,24,2,1.83,1.72,2.3,2.16
D1,08/02/14,Werder Bremen,Dortmund,1,5,A,0,2,A,11,15,5,8,18,12,5,9,2,2,0,0,8,4.75,1.36,7,5.25,1.36,7.3,4.4,1.4,8,4.5,1.4,8.74,5.29,1.4,8.5,4.33,1.4,7.5,4.8,1.36,8.5,5,1.4,43,9,8.05,5.4,4.81,1.41,1.38,32,1.5,1.45,2.78,2.63,26,1.5,1.9,1.84,2.09,2.02
D1,08/02/14,Wolfsburg,Mainz,3,0,H,0,0,D,17,8,7,2,22,14,4,1,2,2,0,0,1.8,3.6,4.33,1.8,3.7,4.2,1.8,3.5,4.2,1.72,3.75,4.5,1.83,3.87,4.59,1.83,3.4,4.5,1.73,3.6,4.33,1.83,4,4.4,43,1.84,1.78,4,3.72,4.85,4.4,38,1.7,1.65,2.34,2.21,22,-0.5,1.85,1.79,2.16,2.09
D1,09/02/14,Schalke 04,Hannover,2,0,H,2,0,H,16,6,7,1,10,20,5,0,0,2,0,0,1.57,3.8,6,1.57,4.33,5,1.5,4,6.1,1.57,4,5.5,1.61,4.45,5.78,1.62,3.6,6,1.57,4,5.5,1.62,4.1,5.5,43,1.63,1.58,4.5,4.05,6.2,5.62,33,1.6,1.53,2.74,2.43,26,-1,2.04,1.98,1.95,1.88
D1,09/02/14,Stuttgart,Augsburg,1,4,A,0,2,A,16,10,1,5,9,8,5,2,2,0,1,0,2.4,3.4,2.8,2.4,3.4,2.8,2.3,3.3,2.9,2.38,3.4,2.88,2.5,3.33,3.14,2.4,3.1,3.1,2.3,3.25,2.88,2.5,3.4,3,43,2.54,2.39,3.5,3.33,3.12,2.96,42,1.98,1.88,2.02,1.9,22,-0.25,2.13,2.08,1.85,1.81
D1,14/02/14,Mainz,Hannover,2,0,H,0,0,D,19,14,8,3,14,11,4,5,1,3,0,0,1.91,3.5,4,1.91,3.6,3.75,1.9,3.45,3.8,1.95,3.6,3.8,1.98,3.68,4.11,2,3.4,3.75,2,3.8,3.75,2,3.6,3.9,44,2.1,1.96,3.8,3.52,4.1,3.9,40,1.83,1.75,2.18,2.06,24,-0.5,2.02,1.96,1.95,1.9
D1,15/02/14,Bayern Munich,Freiburg,4,0,H,3,0,H,16,12,7,0,13,11,2,4,3,1,0,0,1.08,10,23,1.08,11,19.5,1.12,8,16,1.1,9,23,1.1,12.5,32.35,1.08,10,26,1.08,8,29,1.1,10,41,44,1.12,1.09,13,10.1,42.62,28.27,31,1.36,1.31,3.6,3.31,25,-2.5,1.82,1.75,2.2,2.12
D1,15/02/14,Braunschweig,Hamburg,4,2,H,0,1,A,14,18,7,8,14,24,7,8,6,5,0,0,2.75,3.3,2.5,2.65,3.3,2.6,2.6,3.2,2.6,2.62,3.25,2.62,2.78,3.42,2.72,2.7,3.1,2.7,2.63,3.25,2.5,2.8,3.3,2.7,44,2.88,2.71,3.42,3.27,2.8,2.6,41,1.94,1.87,2,1.91,24,0,2.03,1.97,1.94,1.88
D1,15/02/14,Dortmund,Ein Frankfurt,4,0,H,2,0,H,21,7,11,1,17,18,6,5,1,3,0,0,1.25,6,10,1.28,6.25,8.25,1.3,5,9,1.28,6,9,1.31,6.09,11,1.3,5.5,9,1.29,5.25,8.5,1.3,6,10.5,44,1.32,1.29,6.4,5.56,11,9.54,31,1.47,1.41,3,2.76,25,-1.5,1.88,1.83,2.1,2.04
D1,15/02/14,Hoffenheim,Stuttgart,4,1,H,1,0,H,13,13,8,4,22,20,5,4,3,4,0,1,1.95,3.6,3.6,1.95,3.6,3.7,1.9,3.45,3.8,1.9,3.6,3.8,2.08,3.7,3.71,2.05,3.4,3.6,2,3.5,3.5,2.05,3.8,3.5,44,2.15,2.01,3.77,3.56,3.85,3.59,32,1.63,1.56,2.54,2.36,23,-0.5,2.08,2.02,1.9,1.85
D1,15/02/14,Leverkusen,Schalke 04,1,2,A,0,1,A,13,11,5,4,12,16,11,2,4,3,0,0,2.1,3.4,3.4,2.15,3.4,3.3,2.1,3.3,3.3,2.05,3.4,3.5,2.11,3.57,3.75,2.15,3.25,3.5,2,3.4,3.4,2.1,3.6,3.5,44,2.16,2.08,3.75,3.45,3.75,3.49,37,1.73,1.66,2.38,2.18,22,-0.5,2.14,2.07,1.85,1.8
D1,15/02/14,Werder Bremen,M'gladbach,1,1,D,0,1,A,15,17,7,6,10,14,5,10,3,1,0,0,3.5,3.5,2.05,3.5,3.6,2,3.3,3.3,2.1,3.6,3.5,2,3.81,3.65,2.07,3.6,3.25,2.1,3.5,3.4,2,3.7,3.6,2.1,43,3.9,3.57,3.7,3.45,2.15,2.04,40,1.76,1.7,2.26,2.11,23,0.5,1.86,1.82,2.18,2.05
D1,16/02/14,Augsburg,Nurnberg,0,1,A,0,0,D,18,11,6,2,17,19,6,2,2,3,0,0,1.8,3.6,4.33,1.78,3.7,4.25,1.85,3.45,4,1.75,3.6,4.5,1.85,3.71,4.75,1.85,3.4,4.5,1.8,3.5,4.33,1.85,3.75,4.6,44,1.87,1.82,3.8,3.55,4.8,4.4,41,1.92,1.83,2.02,1.95,22,-0.5,1.85,1.81,2.12,2.06
D1,16/02/14,Hertha,Wolfsburg,1,2,A,1,0,H,13,8,4,3,12,16,4,6,0,2,0,0,2.38,3.4,2.88,2.45,3.3,2.8,2.5,3.3,2.65,2.4,3.3,2.87,2.46,3.33,3.19,2.5,3.2,2.88,2.3,3.2,3,2.4,3.4,3.12,44,2.5,2.38,3.46,3.3,3.2,2.98,41,2.02,1.93,1.94,1.85,22,0,1.76,1.71,2.28,2.17
D1,21/02/14,Schalke 04,Mainz,0,0,D,0,0,D,16,15,4,8,19,8,4,9,1,2,0,0,1.75,3.6,4.6,1.72,3.8,4.5,1.7,3.6,4.7,1.72,3.75,4.5,1.79,3.9,4.9,1.7,3.75,4.8,1.62,3.6,5,1.75,4,4.8,43,1.8,1.73,4,3.74,5.02,4.8,38,1.73,1.66,2.4,2.2,22,-1,2.41,2.33,1.69,1.64
D1,22/02/14,Freiburg,Augsburg,2,4,A,1,1,D,13,18,5,10,14,13,2,4,3,2,0,0,3.1,3.25,2.3,3,3.3,2.35,2.75,3.3,2.4,3,3.3,2.37,3.25,3.34,2.42,3.1,3.1,2.4,3.13,3.2,2.25,3.25,3.4,2.38,43,3.5,3.08,3.4,3.25,2.42,2.33,38,2.25,2.1,1.81,1.71,19,0,2.36,2.25,1.7,1.65
D1,22/02/14,Hamburg,Dortmund,3,0,H,1,0,H,13,15,6,4,17,19,3,6,2,2,0,0,7.5,5,1.36,7,5.25,1.36,7.2,4.8,1.37,9,5,1.33,8.63,5.38,1.39,9,4.2,1.4,7,4.8,1.36,7.5,5.5,1.4,41,9,7.87,5.6,4.89,1.41,1.37,29,1.45,1.4,3,2.84,20,1.5,1.9,1.83,2.12,2.04
D1,22/02/14,M'gladbach,Hoffenheim,2,2,D,2,0,H,13,19,9,7,15,17,6,5,0,1,0,0,1.95,3.6,3.6,1.88,3.6,3.9,1.8,3.6,4,1.9,3.6,3.75,1.97,3.74,4.08,1.95,3.3,4,1.9,3.5,3.8,1.95,3.75,3.9,43,1.98,1.92,3.85,3.54,4.4,3.86,31,1.68,1.6,2.52,2.25,19,-0.5,2,1.94,1.99,1.92
D1,22/02/14,Nurnberg,Braunschweig,2,1,H,0,1,A,6,22,5,6,19,21,3,10,4,2,1,0,1.62,3.75,5.5,1.62,4,5,1.7,3.6,4.7,1.66,3.75,5,1.65,4,6.1,1.67,3.4,6,1.62,3.75,5.25,1.67,3.8,5.75,43,1.7,1.63,4.05,3.76,6.2,5.51,39,1.91,1.81,2.05,1.96,20,-1,2.15,2.08,1.83,1.78
D1,22/02/14,Stuttgart,Hertha,1,2,A,1,1,D,14,9,6,4,22,18,5,8,0,1,0,1,2.63,3.3,2.6,2.6,3.25,2.65,2.4,3.3,2.75,2.6,3.3,2.62,2.83,3.36,2.71,2.7,3.1,2.7,2.5,3.25,2.75,2.75,3.4,2.7,43,2.83,2.64,3.4,3.26,2.76,2.64,39,1.92,1.82,2.05,1.95,20,0,2.01,1.93,1.95,1.91
D1,22/02/14,Wolfsburg,Leverkusen,3,1,H,1,1,D,9,18,5,6,15,19,0,4,1,4,0,0,2.4,3.4,2.8,2.4,3.4,2.8,2.3,3.4,2.85,2.4,3.3,2.87,2.45,3.47,3.09,2.4,3.1,3.1,2.38,3.2,2.88,2.45,3.5,2.9,43,2.5,2.38,3.55,3.31,3.1,2.94,38,1.8,1.69,2.25,2.13,19,0,1.8,1.74,2.21,2.11
D1,23/02/14,Ein Frankfurt,Werder Bremen,0,0,D,0,0,D,21,3,4,0,16,18,14,2,1,3,0,1,1.7,3.75,4.75,1.7,3.8,4.6,1.75,3.5,4.5,1.72,3.75,4.5,1.78,3.84,5.09,1.75,3.4,5,1.67,3.6,4.8,1.75,4,5,43,1.8,1.72,4,3.67,5.2,4.78,37,1.75,1.69,2.27,2.13,18,-0.75,2.01,1.95,1.97,1.92
D1,23/02/14,Hannover,Bayern Munich,0,4,A,0,2,A,8,14,3,7,10,11,6,4,2,1,0,0,10,7,1.22,10,6,1.25,9,6,1.25,10,6,1.25,13.26,6.59,1.26,12,5.5,1.25,10,5.5,1.25,12,6.5,1.25,42,13.6,11.07,7.03,5.9,1.3,1.25,32,1.46,1.41,2.9,2.74,20,1.5,2.27,2.19,1.75,1.71
D1,28/02/14,Hertha,Freiburg,0,0,D,0,0,D,9,7,2,5,11,14,4,4,0,0,0,0,1.62,3.75,5.5,1.62,4,5,1.67,3.55,5,1.66,3.75,5,1.65,3.98,6.21,1.62,3.6,6,1.57,3.6,5.5,1.62,4,5.75,42,1.67,1.62,4.05,3.79,6.3,5.76,40,2.04,1.94,1.97,1.85,22,-1,2.16,2.1,1.83,1.78
D1,01/03/14,Augsburg,Hannover,1,1,D,0,1,A,16,10,5,2,14,17,7,2,2,3,0,0,1.75,3.6,4.75,1.75,3.8,4.2,1.75,3.5,4.5,1.75,3.75,4.5,1.79,3.8,5.06,1.8,3.5,4.5,1.73,3.6,4.5,1.8,3.75,4.5,43,1.85,1.76,3.88,3.68,5.1,4.56,41,1.87,1.78,2.12,2.01,21,-0.75,2.03,1.99,1.92,1.88
D1,01/03/14,Bayern Munich,Schalke 04,5,1,H,4,0,H,22,10,12,4,8,12,14,4,1,0,0,1,1.18,7,13,1.18,7.5,11.5,1.2,6,12.5,1.2,6.5,13,1.19,7.93,17.5,1.2,6,15,1.18,6,13,1.2,7,15,43,1.21,1.19,8,6.73,19,14.7,30,1.41,1.36,3.4,2.99,25,-2,1.94,1.88,2.08,1.98
D1,01/03/14,Braunschweig,M'gladbach,1,1,D,0,1,A,20,12,3,4,12,14,9,5,1,3,0,0,4,3.5,1.91,3,3.5,1.87,4,3.45,1.85,4,3.6,1.85,4.16,3.61,1.99,4,3.3,1.95,4,3.4,1.9,4.1,3.5,1.95,43,4.35,4.02,3.61,3.44,2,1.93,41,2,1.92,2,1.86,22,0.5,1.98,1.93,1.99,1.93
D1,01/03/14,Dortmund,Nurnberg,3,0,H,0,0,D,28,4,9,2,9,13,8,1,0,2,0,0,1.22,6.5,11,1.26,6.5,8.5,1.27,5.5,9,1.25,6,10,1.27,6.44,12.55,1.29,5,12,1.25,5.75,9,1.29,6.5,10.5,43,1.3,1.26,6.54,5.92,13,10.76,30,1.44,1.37,3.13,2.94,21,-1.75,1.98,1.93,1.98,1.94
D1,01/03/14,Leverkusen,Mainz,0,1,A,0,1,A,19,9,8,3,19,13,7,0,4,1,0,0,1.75,3.8,4.33,1.75,3.75,4.5,1.75,3.5,4.5,1.72,3.75,4.5,1.78,3.81,5.15,1.8,3.5,4.5,1.73,3.6,4.5,1.8,3.8,4.6,43,1.8,1.74,4,3.68,5.2,4.73,40,1.82,1.72,2.25,2.1,21,-0.75,2.01,1.97,1.94,1.9
D1,01/03/14,Werder Bremen,Hamburg,1,0,H,1,0,H,15,11,7,4,25,17,4,5,2,2,0,0,2.63,3.5,2.5,2.65,3.6,2.6,2.55,3.4,2.55,2.5,3.5,2.62,2.75,3.62,2.63,2.8,3.1,2.62,2.63,3.3,2.5,2.75,3.6,2.5,43,2.82,2.7,3.65,3.41,2.63,2.54,37,1.66,1.6,2.52,2.28,23,0,2.04,1.98,1.92,1.87
D1,02/03/14,Ein Frankfurt,Stuttgart,2,1,H,0,1,A,13,13,6,4,23,16,8,5,1,1,0,0,2.1,3.5,3.3,2.15,3.6,3.4,2,3.3,3.6,2.05,3.5,3.4,2.15,3.61,3.6,2.2,3.3,3.3,2.05,3.5,3.3,2.15,3.5,3.4,43,2.2,2.1,3.65,3.46,3.65,3.4,39,1.76,1.7,2.25,2.12,20,-0.5,2.15,2.09,1.82,1.79
D1,02/03/14,Hoffenheim,Wolfsburg,6,2,H,4,1,H,17,6,12,5,15,21,4,3,0,2,0,1,2.6,3.4,2.6,2.75,3.6,2.5,2.75,3.3,2.4,2.6,3.4,2.6,2.72,3.57,2.69,2.7,3.1,2.7,2.6,3.3,2.6,2.75,3.4,2.7,43,2.8,2.64,3.7,3.38,2.75,2.61,31,1.6,1.55,2.62,2.39,23,0,1.98,1.93,1.98,1.92
D1,08/03/14,Hamburg,Ein Frankfurt,1,1,D,0,1,A,15,7,9,2,15,12,3,3,3,3,0,0,2.5,3.3,2.75,2.3,3.5,2.9,2.5,3.3,2.65,2.37,3.4,2.87,2.53,3.48,2.88,2.6,3.3,2.62,2.4,3.25,2.8,2.5,3.5,2.9,48,2.65,2.47,3.5,3.34,3.1,2.83,46,1.86,1.77,2.1,2.02,26,0,1.85,1.79,2.12,2.06
D1,08/03/14,Hannover,Leverkusen,1,1,D,1,1,D,19,9,7,1,5,14,9,2,1,1,0,0,3,3.4,2.3,3.1,3.4,2.25,2.9,3.3,2.3,3,3.4,2.3,3.22,3.44,2.37,2.75,3.5,2.4,3,3.3,2.25,3,3.4,2.4,48,3.3,3.02,3.5,3.38,2.42,2.32,45,1.81,1.73,2.26,2.08,24,0.25,1.9,1.85,2.06,2.01
D1,08/03/14,M'gladbach,Augsburg,1,2,A,1,1,D,15,19,8,4,9,11,3,6,0,0,0,0,2.3,3.25,3.1,2.15,3.4,3.25,2.1,3.3,3.3,2.25,3.4,3.1,2.34,3.42,3.34,2.38,3.4,2.88,2.25,3.25,3.13,2.38,3.4,3.2,48,2.38,2.27,3.47,3.31,3.4,3.17,46,2.03,1.92,1.95,1.86,24,-0.25,2.03,1.98,1.92,1.88
D1,08/03/14,Nurnberg,Werder Bremen,0,2,A,0,1,A,15,12,4,5,17,11,6,2,3,4,0,0,1.91,3.5,4,1.85,3.7,3.9,1.85,3.45,4,1.85,3.6,4,1.93,3.69,4.37,1.95,3.5,3.75,1.83,3.5,3.8,1.92,3.75,4.1,48,1.95,1.88,3.75,3.58,4.45,4.05,45,1.82,1.75,2.25,2.04,25,-0.5,1.92,1.88,2.04,1.98
D1,08/03/14,Schalke 04,Hoffenheim,4,0,H,2,0,H,24,10,9,2,19,18,4,3,3,3,0,0,1.75,4,4.2,1.75,3.9,4.25,1.8,3.6,4,1.8,3.75,4.2,1.82,4.08,4.42,1.83,3.75,4,1.8,3.75,4,1.85,4.2,4,48,1.85,1.8,4.12,3.86,4.5,4.09,36,1.5,1.43,2.96,2.7,24,-0.75,2.07,2.02,1.9,1.84
D1,08/03/14,Stuttgart,Braunschweig,2,2,D,2,1,H,14,11,4,3,18,15,11,6,2,3,0,0,1.67,3.8,5,1.62,4,5,1.65,3.8,4.7,1.66,3.8,5,1.73,3.84,5.48,1.73,4,4.2,1.67,3.6,5,1.73,3.8,5,48,1.75,1.68,4,3.77,5.5,5.07,45,1.81,1.71,2.25,2.09,25,-1,2.32,2.19,1.75,1.7
D1,08/03/14,Wolfsburg,Bayern Munich,1,6,A,1,1,D,12,18,3,12,15,9,5,3,1,0,0,0,9,5.75,1.29,8.5,5.5,1.3,8,5,1.33,10,5,1.3,10.78,5.79,1.33,7.5,5.5,1.33,8.5,5,1.3,9.5,5.75,1.33,48,11,9.28,6,5.39,1.35,1.31,36,1.48,1.42,3.1,2.74,28,1.5,2.12,1.99,1.94,1.86
D1,09/03/14,Freiburg,Dortmund,0,1,A,0,0,D,10,12,0,4,7,12,1,5,1,2,0,0,9,5,1.33,7.25,5.25,1.35,7.1,4.8,1.37,8.5,5,1.33,9.34,5.4,1.37,8,4.5,1.4,8,4.8,1.36,8.5,5.25,1.36,48,10,8.55,5.5,4.98,1.4,1.35,36,1.55,1.49,2.7,2.54,28,1.5,1.92,1.86,2.08,1.99
D1,09/03/14,Mainz,Hertha,1,1,D,0,0,D,16,12,6,9,13,14,5,4,2,2,0,0,2.2,3.2,3.4,2.15,3.4,3.3,2.2,3.3,3.1,2.15,3.5,3.2,2.21,3.39,3.67,2.25,3.2,3.3,2.1,3.25,3.4,2.2,3.4,3.6,48,2.25,2.17,3.5,3.3,3.62,3.38,45,2.25,2.11,1.8,1.7,24,-0.25,1.94,1.89,2.03,1.97
D1,14/03/14,Augsburg,Schalke 04,1,2,A,1,1,D,21,10,3,4,14,23,12,6,3,5,0,0,2.25,3.3,3.1,2.4,3.5,2.75,2.6,3.2,2.6,2.37,3.4,2.87,2.39,3.56,3.12,2.3,3.3,3.1,2.3,3.3,2.88,2.3,3.5,3.25,48,2.6,2.34,3.6,3.4,3.25,3.02,43,1.85,1.77,2.16,2.03,26,0,1.8,1.71,2.31,2.17
D1,15/03/14,Bayern Munich,Leverkusen,2,1,H,1,0,H,23,6,8,3,11,18,12,6,2,3,0,0,1.14,8,15,1.15,8,13.5,1.17,7,13,1.16,7,15,1.18,8.65,18.64,1.17,6.5,17,1.17,6.5,15,1.17,8,19,48,1.18,1.16,8.8,7.53,21.35,16.36,35,1.36,1.32,3.45,3.24,25,-2,1.75,1.72,2.29,2.17
D1,15/03/14,Braunschweig,Wolfsburg,1,1,D,0,1,A,8,11,2,2,15,22,3,4,1,4,0,0,3.8,3.6,1.91,3.9,3.7,1.85,3.6,3.45,1.95,4,3.5,1.9,4.4,3.65,1.93,4.2,3.2,1.95,3.8,3.5,1.9,4,3.6,1.95,48,4.4,3.99,3.8,3.54,2,1.9,45,1.8,1.73,2.2,2.07,25,0.5,2.03,1.96,1.93,1.89
D1,15/03/14,Dortmund,M'gladbach,1,2,A,0,2,A,25,7,7,3,11,11,8,3,1,0,0,1,1.36,5,7.5,1.36,5,7.75,1.37,4.8,7.2,1.33,5,9,1.39,5.29,8.86,1.4,4.5,8,1.36,4.8,7.5,1.4,5.25,8,48,1.4,1.36,5.4,4.9,9.25,8.44,35,1.58,1.52,2.6,2.46,28,-1.5,2.14,2.04,1.86,1.81
D1,15/03/14,Hertha,Hannover,0,3,A,0,0,D,16,7,5,3,8,17,6,1,1,2,0,0,1.91,3.5,4,1.85,3.7,4,1.85,3.45,4,1.8,3.5,4.5,1.93,3.63,4.43,1.95,3.2,4.2,1.83,3.4,4.33,1.92,3.5,4.4,48,1.95,1.87,3.8,3.45,4.55,4.26,46,2.02,1.91,1.97,1.86,25,-0.5,1.92,1.87,2.04,1.98
D1,15/03/14,Hoffenheim,Mainz,2,4,A,0,0,D,22,11,12,7,16,15,11,1,1,1,0,0,2.2,3.5,3.1,2.15,3.5,3.2,2.2,3.3,3.1,2.2,3.4,3.2,2.23,3.72,3.31,2.25,3.3,3.2,2.1,3.3,3.2,2.25,3.6,3.12,48,2.3,2.19,3.72,3.45,3.35,3.18,37,1.61,1.55,2.54,2.38,24,-0.25,1.96,1.91,2,1.95
D1,15/03/14,Werder Bremen,Stuttgart,1,1,D,0,0,D,10,16,3,3,18,19,2,9,2,3,0,0,2.5,3.4,2.7,2.45,3.5,2.7,2.3,3.3,2.9,2.25,3.4,3.1,2.44,3.57,3.03,2.5,3.2,2.8,2.4,3.25,2.75,2.5,3.5,2.8,48,2.55,2.43,3.57,3.37,3.1,2.86,43,1.8,1.71,2.2,2.1,25,0,1.82,1.75,2.21,2.11
D1,16/03/14,Ein Frankfurt,Freiburg,1,4,A,0,1,A,26,7,10,5,19,17,12,1,2,5,0,0,1.83,3.6,4.2,1.83,3.7,4,1.85,3.45,4,1.8,3.6,4.33,1.88,3.71,4.58,1.85,3.3,4.5,1.8,3.4,4.33,1.87,3.75,4.5,48,1.88,1.83,3.8,3.53,4.6,4.37,46,2.01,1.91,1.98,1.87,25,-0.5,1.88,1.84,2.08,2.02
D1,16/03/14,Hamburg,Nurnberg,2,1,H,0,0,D,26,9,13,4,12,18,10,5,0,2,0,0,2.2,3.4,3.2,2.15,3.5,3.2,2.2,3.3,3.1,2.2,3.4,3.2,2.26,3.47,3.46,2.25,3.2,3.3,2.1,3.3,3.2,2.25,3.5,3.3,48,2.3,2.19,3.6,3.36,3.5,3.26,46,1.86,1.78,2.12,2,24,-0.25,1.96,1.91,2,1.95
D1,21/03/14,Freiburg,Werder Bremen,3,1,H,1,0,H,14,7,3,3,19,15,5,4,1,2,0,0,2.2,3.3,3.25,2.25,3.4,3.1,2.3,3.3,2.9,2.2,3.4,3.25,2.22,3.51,3.52,2.2,3.4,3.2,2.3,3.5,3.2,2.3,3.4,3.25,49,2.3,2.19,3.65,3.39,3.65,3.33,46,1.91,1.82,2.1,1.97,25,-0.25,1.92,1.88,2.05,1.99
D1,22/03/14,Hannover,Dortmund,0,3,A,0,1,A,9,15,3,5,12,16,5,3,1,1,0,0,4.75,4,1.67,4.75,4.1,1.65,4.9,3.7,1.65,5,4,1.61,5.18,4.25,1.69,5,3.6,1.7,4.8,4,1.62,5,4.3,1.7,49,5.2,4.94,4.4,3.97,1.75,1.65,36,1.62,1.55,2.56,2.37,27,1,1.79,1.74,2.23,2.12
D1,22/03/14,Mainz,Bayern Munich,0,2,A,0,0,D,4,23,1,8,13,11,2,9,1,0,0,0,11,6.5,1.22,9.75,6,1.25,10,5.2,1.27,11,6.5,1.22,13,6.21,1.28,12,5,1.29,9,5.8,1.25,10.5,6.5,1.29,49,13,11.08,6.6,5.93,1.3,1.25,36,1.52,1.44,2.85,2.65,25,1.5,2.18,2.06,1.86,1.78
D1,22/03/14,M'gladbach,Hertha,3,0,H,3,0,H,8,8,4,2,7,12,4,5,1,1,0,0,2,3.4,3.75,2,3.6,3.5,1.9,3.45,3.8,1.95,3.5,3.75,2.05,3.52,4.02,2.05,3.2,3.8,2,3.3,3.6,2.05,3.5,3.9,49,2.1,2.01,3.6,3.41,4.05,3.75,46,2.05,1.96,1.94,1.82,25,-0.5,2.07,2.02,1.89,1.84
D1,22/03/14,Schalke 04,Braunschweig,3,1,H,1,0,H,32,11,11,4,14,20,14,4,1,3,0,0,1.4,4.75,7,1.4,4.6,7.5,1.37,4.6,7.5,1.4,4.75,7,1.45,4.99,7.63,1.44,4.33,7,1.4,4.5,6.5,1.45,5,7,49,1.46,1.42,5.1,4.68,8.2,7.19,37,1.58,1.53,2.68,2.44,27,-1.5,2.31,2.18,1.75,1.7
D1,22/03/14,Stuttgart,Hamburg,1,0,H,0,0,D,12,6,3,1,18,13,5,2,1,0,0,1,2,3.5,3.6,2.05,3.7,3.25,2.2,3.3,3.1,2.05,3.5,3.4,2.07,3.7,3.74,2.1,3.4,3.4,2,3.4,3.5,2.05,3.6,3.5,49,2.2,2.04,3.78,3.51,3.8,3.52,42,1.7,1.64,2.46,2.22,25,-0.5,2.06,2.02,1.89,1.84
D1,22/03/14,Wolfsburg,Augsburg,1,1,D,0,1,A,10,12,1,2,23,11,6,3,1,1,1,0,2.1,3.5,3.3,2.05,3.5,3.4,1.9,3.45,3.8,2,3.5,3.6,2.18,3.62,3.51,2.15,3.2,3.5,2.1,3.3,3.4,2.2,3.6,3.4,49,2.2,2.1,3.65,3.41,3.8,3.46,45,1.83,1.76,2.16,2.03,24,-0.5,2.18,2.11,1.79,1.75
D1,23/03/14,Leverkusen,Hoffenheim,2,3,A,1,2,A,12,12,5,7,15,18,6,2,1,2,0,0,1.73,3.8,4.5,1.75,4.1,4,1.8,3.5,4.2,1.75,3.75,4.33,1.76,4.2,4.67,1.75,3.6,4.5,1.73,3.6,4.33,1.75,4.2,4.33,49,1.8,1.74,4.25,3.83,4.75,4.46,36,1.5,1.43,2.9,2.66,24,-0.75,1.99,1.94,1.98,1.93
D1,23/03/14,Nurnberg,Ein Frankfurt,2,5,A,0,1,A,13,23,4,9,19,15,2,5,0,1,1,0,2.4,3.3,2.88,2.4,3.4,2.8,2.3,3.3,2.9,2.3,3.4,3,2.51,3.48,2.99,2.5,3.2,2.8,2.38,3.25,2.88,2.45,3.4,2.9,49,2.5,2.42,3.55,3.33,3.13,2.9,46,1.9,1.82,2.08,1.96,26,0,1.81,1.76,2.18,2.1
D1,25/03/14,Braunschweig,Mainz,3,1,H,2,1,H,14,12,3,5,16,25,6,7,2,1,0,0,3.4,3.4,2.1,3.25,3.4,2.15,2.9,3.3,2.3,3.2,3.4,2.2,3.65,3.55,2.15,3.3,3.3,2.2,3.4,3.3,2.1,3.6,3.4,2.15,48,3.7,3.44,3.6,3.39,2.3,2.14,46,2.03,1.95,1.94,1.83,24,0.25,2.1,2.03,1.9,1.84
D1,25/03/14,Dortmund,Schalke 04,0,0,D,0,0,D,18,8,6,4,17,24,4,2,2,2,0,0,1.44,4.75,6.5,1.48,4.75,5.5,,,,1.5,4.5,6,1.49,4.95,6.75,1.44,4.6,6.5,1.44,4.33,6.25,1.5,4.75,6.25,48,1.7,1.48,5,4.57,7,6.4,38,1.5,1.44,2.9,2.7,27,-1,1.78,1.73,2.28,2.16
D1,25/03/14,Hertha,Bayern Munich,1,3,A,0,2,A,4,13,2,6,13,8,2,3,1,0,0,0,13,6.5,1.2,11,7,1.2,12,5.5,1.22,11,6.5,1.22,15.25,6.98,1.23,13,6,1.22,10,5.8,1.22,13,6.5,1.25,48,17,13.21,7.2,6.42,1.25,1.22,38,1.54,1.47,2.78,2.59,27,2,1.77,1.69,2.36,2.22
D1,25/03/14,Werder Bremen,Wolfsburg,1,3,A,1,2,A,6,19,2,9,18,19,3,8,2,1,0,0,3.1,3.4,2.25,3.1,3.5,2.2,,,,3.1,3.4,2.25,3.45,3.49,2.25,3.1,3.5,2.2,3.13,3.3,2.2,3.25,3.5,2.25,47,3.45,3.19,3.55,3.41,2.6,2.24,44,1.81,1.75,2.16,2.05,24,0.25,1.99,1.94,1.96,1.93
D1,26/03/14,Augsburg,Leverkusen,1,3,A,0,1,A,22,13,3,7,14,17,10,3,2,2,0,0,2.4,3.4,2.88,2.5,3.3,2.75,2.5,3.3,2.65,2.5,3.4,2.7,2.42,3.47,3.14,2.45,3.25,2.9,2.4,3.2,2.8,2.45,3.4,3,48,2.52,2.43,3.5,3.32,3.14,2.89,46,1.98,1.89,2,1.88,26,0,1.81,1.75,2.23,2.11
D1,26/03/14,Ein Frankfurt,M'gladbach,1,0,H,1,0,H,14,9,4,2,11,12,11,7,3,1,0,0,2.6,3.3,2.63,2.7,3.4,2.5,2.6,3.2,2.6,2.62,3.25,2.62,2.7,3.51,2.75,2.62,3.4,2.6,2.63,3.2,2.6,2.62,3.4,2.7,48,2.8,2.64,3.51,3.33,2.75,2.63,46,1.91,1.78,2.12,2,26,0,1.96,1.91,2,1.93
D1,26/03/14,Hamburg,Freiburg,1,1,D,0,0,D,21,11,5,4,17,15,6,3,1,2,0,0,2.1,3.4,3.4,2.05,3.5,3.4,2.1,3.3,3.3,2.1,3.4,3.4,2.1,3.69,3.66,2.05,3.6,3.4,2.05,3.3,3.5,2.1,3.6,3.6,48,2.14,2.07,3.7,3.46,4,3.5,46,1.85,1.79,2.15,1.99,25,-0.25,1.83,1.79,2.15,2.08
D1,26/03/14,Hoffenheim,Hannover,3,1,H,1,1,D,20,8,8,1,16,15,5,1,1,1,0,1,1.91,3.75,3.6,1.87,3.6,4,2,3.3,3.6,1.95,3.5,3.75,1.93,3.98,3.97,1.91,4,3.5,1.9,3.6,3.6,1.95,4,3.7,45,2,1.91,4,3.76,4.05,3.71,33,1.5,1.44,2.85,2.67,26,-0.5,1.98,1.91,2.01,1.94
D1,26/03/14,Nurnberg,Stuttgart,2,0,H,1,0,H,11,13,5,5,17,11,6,4,1,1,0,0,2.75,3.4,2.45,2.65,3.4,2.55,2.55,3.35,2.55,2.6,3.3,2.62,2.88,3.46,2.61,2.62,3.4,2.6,2.75,3.25,2.5,2.75,3.4,2.6,48,2.88,2.73,3.5,3.35,2.64,2.54,45,1.8,1.74,2.18,2.05,26,0,2.09,2.01,1.89,1.83
D1,28/03/14,Schalke 04,Hertha,2,0,H,1,0,H,13,11,4,1,17,19,1,4,1,1,0,0,1.8,3.6,4.25,1.78,3.7,4.25,1.67,3.55,5,1.83,3.75,4,1.86,3.78,4.58,1.83,3.6,4.2,1.8,3.5,4.33,1.85,3.6,4.8,47,1.88,1.81,4.05,3.66,5,4.4,43,1.85,1.74,2.25,2.07,26,-0.5,1.88,1.82,2.12,2.04
D1,29/03/14,Bayern Munich,Hoffenheim,3,3,D,3,2,H,11,20,6,9,13,18,3,1,1,2,0,0,1.14,8,15,1.17,8.25,11,1.15,7,15,1.14,8.5,13,1.19,8.61,16.3,1.17,7,15,1.17,7.5,11,1.18,8.5,15,46,1.2,1.16,9.1,7.98,17,14.29,35,1.31,1.25,4.2,3.8,24,-2.5,2.33,2.23,1.72,1.68
D1,29/03/14,Freiburg,Nurnberg,3,2,H,1,2,A,14,9,7,2,16,22,8,4,2,3,0,1,2.15,3.3,3.4,2.15,3.3,3.4,2.1,3.3,3.3,2.05,3.4,3.5,2.16,3.48,3.7,2.2,3.1,3.5,2.1,3.25,3.3,2.2,3.5,3.4,47,2.2,2.14,3.55,3.32,3.65,3.45,44,1.92,1.84,2.04,1.94,24,-0.25,1.89,1.85,2.06,2.02
D1,29/03/14,Leverkusen,Braunschweig,1,1,D,0,0,D,15,9,4,2,16,13,7,1,2,1,0,0,1.33,5.25,8,1.36,5.25,7,1.4,4.4,7.3,1.4,5,6.5,1.39,5.42,8.64,1.4,4.5,8,1.36,5,7,1.4,5.25,9,47,1.41,1.37,5.7,5.12,8.7,7.72,35,1.6,1.55,2.56,2.37,28,-1.5,2.12,2.03,1.86,1.82
D1,29/03/14,Mainz,Augsburg,3,0,H,2,0,H,14,12,7,4,14,20,5,8,1,2,0,0,2.38,3.25,3,2.4,3.4,2.85,2.3,3.3,2.9,2.3,3.3,3.1,2.39,3.46,3.19,2.4,3.1,3.1,2.3,3.25,2.88,2.45,3.4,3,47,2.46,2.37,3.45,3.29,3.2,3.01,44,2.05,1.97,1.94,1.81,24,-0.25,2.12,2.06,1.86,1.82
D1,29/03/14,Stuttgart,Dortmund,2,3,A,2,1,H,11,17,3,5,15,14,2,9,0,2,1,0,4.75,4,1.67,4.5,4,1.7,4.5,3.7,1.7,4.75,4,1.66,4.81,4.14,1.75,4.8,3.5,1.75,4.33,3.8,1.73,4.6,4,1.75,47,4.9,4.5,4.3,3.88,1.8,1.73,35,1.64,1.57,2.44,2.34,25,1,1.74,1.65,2.4,2.27
D1,29/03/14,Wolfsburg,Ein Frankfurt,2,1,H,0,1,A,22,11,9,4,19,19,4,3,2,4,0,0,1.83,3.6,4.2,1.8,3.75,4.1,1.8,3.5,4.2,1.83,3.75,4,1.89,3.96,4.18,1.8,3.5,4.5,1.83,3.6,4,1.87,3.75,4.2,46,1.9,1.83,3.95,3.68,4.6,4.14,41,1.69,1.64,2.36,2.23,24,-0.5,1.88,1.84,2.11,2.02
D1,30/03/14,Hannover,Werder Bremen,1,2,A,1,0,H,9,11,4,8,19,13,10,8,1,1,0,0,1.91,3.6,3.8,1.83,3.6,4.1,1.9,3.45,3.8,1.85,3.6,4,1.91,3.77,4.33,1.91,3.4,4,1.83,3.5,4,1.92,3.75,4,47,1.95,1.88,3.9,3.58,4.33,4.03,43,1.75,1.69,2.3,2.14,24,-0.5,1.92,1.88,2.04,1.98
D1,30/03/14,M'gladbach,Hamburg,3,1,H,1,1,D,17,17,9,7,11,15,6,10,0,1,0,0,1.75,3.75,4.5,1.72,3.9,4.33,1.75,3.5,4.5,1.72,3.5,5,1.78,3.9,4.94,1.75,3.4,5,1.73,3.6,4.5,1.75,3.8,4.75,47,1.8,1.74,4.1,3.7,5.2,4.74,43,1.78,1.69,2.23,2.13,24,-0.75,2.01,1.96,1.95,1.9
D1,04/04/14,Hamburg,Leverkusen,2,1,H,1,0,H,18,19,5,8,16,15,4,14,1,1,0,0,3.3,3.5,2.1,3.3,3.7,2.05,3,3.3,2.25,3.3,3.4,2.1,3.56,3.71,2.13,3.25,3.4,2.15,3.4,3.4,2.05,3.5,3.5,2.15,48,3.6,3.41,3.75,3.48,2.3,2.11,45,1.79,1.71,2.24,2.11,23,0.5,1.83,1.77,2.16,2.1
D1,05/04/14,Augsburg,Bayern Munich,1,0,H,1,0,H,11,16,7,2,16,13,3,4,3,2,0,0,7.5,5,1.36,7.5,5,1.36,7.3,4.4,1.4,8.5,5,1.33,8.84,5.04,1.41,9,3.8,1.44,7.5,4.5,1.36,8,5,1.44,49,9,8.17,5.2,4.68,1.44,1.39,37,1.66,1.59,2.5,2.28,26,1.5,1.81,1.75,2.23,2.1
D1,05/04/14,Dortmund,Wolfsburg,2,1,H,0,1,A,10,19,5,3,15,14,7,2,2,1,0,0,1.44,4.5,6.5,1.48,4.75,5.5,1.47,4,6.6,1.5,4.33,6,1.52,4.91,6.34,1.5,4.33,6,1.44,4.5,5.5,1.53,4.75,6,49,1.55,1.48,5,4.6,6.6,6.1,38,1.47,1.42,3,2.77,26,-1,1.83,1.77,2.15,2.09
D1,05/04/14,Ein Frankfurt,Mainz,2,0,H,0,0,D,14,17,7,5,11,18,2,6,3,4,0,0,2.5,3.3,2.8,2.4,3.5,2.75,2.4,3.3,2.75,2.37,3.3,2.9,2.5,3.5,2.99,2.5,3.1,2.9,2.38,3.25,2.88,2.5,3.4,2.9,49,2.55,2.43,3.5,3.31,3.1,2.9,46,1.92,1.84,2.03,1.94,24,0,1.81,1.75,2.17,2.09
D1,05/04/14,Nurnberg,M'gladbach,0,2,A,0,1,A,14,15,3,6,7,16,8,5,1,2,0,0,3.3,3.4,2.15,3.25,3.4,2.15,3,3.3,2.25,3.4,3.4,2.1,3.52,3.5,2.22,3.4,3.1,2.25,3.3,3.3,2.1,3.4,3.5,2.2,49,3.65,3.37,3.6,3.35,2.3,2.16,45,1.86,1.78,2.12,2.01,23,0.5,1.78,1.72,2.22,2.14
D1,05/04/14,Stuttgart,Freiburg,2,0,H,0,0,D,12,18,5,8,13,17,3,6,2,1,0,0,1.8,3.75,4.2,1.83,3.75,4,2,3.3,3.6,1.83,3.75,4,1.88,3.79,4.47,1.8,3.6,4.33,1.8,3.6,4,1.85,3.75,4.4,49,2,1.83,4,3.65,4.5,4.19,45,1.82,1.74,2.2,2.06,25,-0.5,1.88,1.83,2.09,2.03
D1,05/04/14,Werder Bremen,Schalke 04,1,1,D,1,1,D,19,9,5,5,17,20,9,4,1,2,0,0,3.6,3.6,1.95,3.7,3.7,1.91,3.3,3.3,2.1,3.5,3.6,2,3.92,3.77,2,3.75,3.2,2.05,3.6,3.5,1.95,3.6,3.6,2,49,3.94,3.66,3.8,3.56,2.1,1.98,41,1.67,1.6,2.45,2.27,25,0.5,1.94,1.88,2.01,1.97
D1,06/04/14,Braunschweig,Hannover,3,0,H,2,0,H,11,11,3,2,17,16,5,6,2,2,0,1,2.5,3.3,2.75,2.6,3.3,2.65,2.4,3.3,2.75,2.62,3.3,2.6,2.59,3.46,2.9,2.62,3.1,2.8,2.5,3.25,2.63,2.55,3.4,2.88,49,2.65,2.55,3.46,3.3,3.1,2.74,46,1.95,1.87,2.02,1.91,26,0,1.9,1.85,2.08,2
D1,06/04/14,Hertha,Hoffenheim,1,1,D,1,1,D,11,11,5,3,19,17,3,4,1,2,0,0,2.38,3.6,2.7,2.4,3.6,2.7,2.55,3.35,2.55,2.3,3.5,2.9,2.45,3.68,2.94,2.3,3.2,3.1,2.38,3.4,2.8,2.4,3.75,2.88,49,2.55,2.37,3.7,3.45,3.1,2.88,37,1.6,1.55,2.56,2.37,24,0,1.81,1.74,2.2,2.1
D1,11/04/14,Schalke 04,Ein Frankfurt,2,0,H,0,0,D,22,10,8,3,15,14,4,5,1,0,0,0,1.67,3.75,5,1.67,3.8,4.75,1.65,3.6,5.1,1.66,4,4.75,1.66,4.24,5.52,1.67,4,4.75,1.62,4.33,5.5,1.73,3.8,5.4,48,1.71,1.66,4.45,3.94,5.8,5.11,36,1.58,1.53,2.62,2.43,25,-1,2.2,2.09,1.87,1.78
D1,12/04/14,Bayern Munich,Dortmund,0,3,A,0,1,A,14,9,3,6,17,13,12,2,2,2,1,0,1.5,4.33,6,1.55,4.4,5,1.65,3.8,4.8,1.57,4,5.5,1.53,4.69,6.54,1.57,3.8,6,1.5,4,5.75,1.6,4.5,5.5,48,1.65,1.53,4.72,4.29,6.5,5.84,36,1.55,1.5,2.7,2.52,28,-1,1.96,1.85,2.08,2
D1,12/04/14,Freiburg,Braunschweig,2,0,H,1,0,H,18,13,8,4,15,20,3,3,2,4,0,0,2.1,3.4,3.4,2,3.5,3.5,2,3.3,3.6,2,3.4,3.75,2.08,3.58,3.85,2.1,3.3,3.5,2.05,3.3,3.5,2.15,3.5,3.6,48,2.15,2.05,3.6,3.38,3.85,3.64,46,1.97,1.88,1.99,1.9,25,-0.5,2.12,2.06,1.86,1.8
D1,12/04/14,Hannover,Hamburg,2,1,H,1,0,H,31,5,15,3,20,16,5,2,0,1,0,0,2.4,3.4,2.8,2.45,3.5,2.65,2.3,3.4,2.85,2.3,3.4,3,2.5,3.56,2.95,2.5,3.2,2.8,2.38,3.3,2.8,2.45,3.6,2.9,48,2.7,2.42,3.6,3.4,3,2.86,45,1.76,1.7,2.25,2.12,25,0,1.82,1.77,2.15,2.08
D1,12/04/14,Mainz,Werder Bremen,3,0,H,3,0,H,23,9,5,2,12,17,3,12,0,4,0,0,1.8,3.6,4.33,1.78,3.8,4.1,1.8,3.5,4.2,1.8,3.6,4.33,1.78,3.93,4.9,1.8,3.5,4.5,1.73,3.5,4.5,1.83,3.75,4.5,48,1.85,1.78,4.05,3.64,5,4.54,45,1.8,1.71,2.24,2.1,24,-0.5,1.82,1.77,2.19,2.09
D1,12/04/14,M'gladbach,Stuttgart,1,1,D,0,1,A,14,17,4,4,12,14,6,5,1,3,0,0,1.95,3.5,3.8,1.85,3.7,3.9,1.85,3.45,4,1.83,3.75,4,1.94,3.86,4.06,1.95,3.3,4,1.9,3.4,3.8,1.95,3.75,3.9,48,1.98,1.91,3.91,3.59,4.5,3.92,44,1.72,1.65,2.33,2.2,25,-0.5,1.96,1.92,2,1.93
D1,12/04/14,Wolfsburg,Nurnberg,4,1,H,2,1,H,24,5,8,1,13,13,11,2,0,2,0,0,1.57,4.2,5.25,1.6,4,5,1.65,3.6,5.1,1.61,3.75,5.5,1.57,4.46,6.22,1.62,4.2,5,1.53,4,5.75,1.67,4.2,5.25,48,1.65,1.57,4.47,4.08,6.4,5.67,37,1.67,1.56,2.56,2.36,28,-1,2.03,1.95,1.98,1.91
D1,13/04/14,Hoffenheim,Augsburg,2,0,H,2,0,H,26,23,9,8,22,19,6,11,1,1,0,0,2.4,3.5,2.8,2.35,3.6,2.7,2.3,3.3,2.9,2.37,3.4,2.87,2.43,3.69,2.96,2.4,3.3,2.9,2.38,3.4,2.75,2.4,3.75,2.8,48,2.5,2.39,3.75,3.48,2.96,2.84,36,1.58,1.52,2.74,2.46,24,0,1.81,1.75,2.17,2.09
D1,13/04/14,Leverkusen,Hertha,2,1,H,2,1,H,17,9,4,2,17,13,7,2,1,1,0,0,1.67,3.8,5,1.62,3.9,5,1.6,3.9,5,1.61,3.75,5.5,1.63,4.11,6.07,1.67,3.6,5.5,1.62,3.6,5.5,1.67,4,5.5,48,1.68,1.63,4.2,3.79,6.07,5.5,45,1.8,1.73,2.2,2.08,26,-1,2.18,2.11,1.82,1.75
D1,17/04/14,Ein Frankfurt,Hannover,2,3,A,1,3,A,14,16,6,7,24,22,3,4,4,4,0,0,2,3.5,3.6,1.95,3.6,3.6,2,3.1,3.9,2.05,3.4,3.5,2.03,3.67,3.91,2.05,3.6,3.4,1.95,3.4,3.6,2.05,3.6,3.6,50,2.06,2,3.7,3.49,4,3.65,46,1.8,1.72,2.26,2.1,25,-0.5,2.05,2,1.91,1.85
D1,19/04/14,Augsburg,Hertha,0,0,D,0,0,D,10,13,0,4,17,16,3,4,1,3,0,0,1.91,3.5,4,1.83,3.6,4.1,1.9,3.45,3.8,1.91,3.5,4,1.97,3.6,4.26,1.91,3.5,4,1.9,3.4,4,1.92,3.5,4.4,47,1.97,1.91,3.7,3.43,4.4,4.09,44,2.09,2,1.9,1.79,24,-0.5,1.96,1.91,2.02,1.95
D1,19/04/14,Braunschweig,Bayern Munich,0,2,A,0,0,D,7,12,1,3,19,16,2,3,2,1,0,0,6.5,5,1.4,7.25,4.6,1.4,6.1,4,1.5,7.5,5,1.36,7.81,5.06,1.44,7,5,1.4,6.5,4.5,1.44,7,5,1.45,45,8.5,7.17,5.06,4.66,1.5,1.41,33,1.67,1.6,2.42,2.27,22,1.25,1.9,1.87,2.05,1.99
D1,19/04/14,Dortmund,Mainz,4,2,H,2,1,H,30,9,11,2,9,18,12,2,1,1,0,1,1.36,5,7.5,1.34,5.6,7,1.35,4.8,7.6,1.33,5,8.5,1.39,5.5,8.45,1.36,5,8,1.36,5,7.5,1.36,5,7.5,48,1.4,1.36,5.7,5.03,8.85,7.93,36,1.5,1.43,2.9,2.71,24,-1.5,2.05,1.98,1.94,1.87
D1,19/04/14,Freiburg,M'gladbach,4,2,H,0,1,A,15,14,7,4,8,9,5,5,2,1,0,1,3.2,3.4,2.2,2.95,3.5,2.25,2.85,3.4,2.3,3.1,3.4,2.25,3.24,3.55,2.33,3.25,3.4,2.2,3.13,3.25,2.25,3.12,3.4,2.3,47,3.55,3.15,3.55,3.36,2.33,2.25,44,1.92,1.84,2.04,1.95,22,0.25,1.92,1.89,2.02,1.98
D1,19/04/14,Hamburg,Wolfsburg,1,3,A,0,2,A,14,16,3,7,18,16,4,7,1,0,0,1,2.9,3.5,2.3,2.8,3.6,2.3,2.6,3.4,2.5,2.88,3.4,2.38,3.18,3.65,2.32,3,3.4,2.3,3,3.3,2.3,3,3.5,2.3,47,3.2,3,3.65,3.45,2.5,2.28,39,1.7,1.59,2.47,2.3,24,0.25,1.94,1.89,2.02,1.97
D1,19/04/14,Werder Bremen,Hoffenheim,3,1,H,1,1,D,12,14,7,3,11,24,8,6,1,3,0,0,2.8,3.6,2.3,2.95,3.6,2.2,2.65,3.3,2.5,2.8,3.5,2.38,3.06,3.81,2.32,2.9,3.6,2.3,2.88,3.5,2.25,2.9,3.6,2.25,47,3.1,2.92,3.84,3.57,2.5,2.28,36,1.45,1.4,3.13,2.85,24,0,2.29,2.19,1.75,1.7
D1,20/04/14,Nurnberg,Leverkusen,1,4,A,1,1,D,9,15,6,7,15,14,3,8,1,1,0,0,3.75,3.6,1.91,3.9,3.6,1.87,3.7,3.5,1.9,3.75,3.6,1.91,4.07,3.91,1.93,3.8,3.6,1.91,3.8,3.5,1.9,4.1,3.6,1.92,45,4.25,3.92,3.92,3.6,1.95,1.89,39,1.72,1.65,2.31,2.2,22,0.5,2.04,1.98,1.92,1.88
D1,20/04/14,Stuttgart,Schalke 04,3,1,H,1,0,H,12,14,4,3,23,13,2,3,2,3,0,0,2.63,3.5,2.5,2.8,3.5,2.3,2.55,3.35,2.55,2.8,3.5,2.38,2.77,3.61,2.61,2.62,3.5,2.5,2.63,3.3,2.5,2.75,3.5,2.5,45,2.9,2.71,3.7,3.43,2.62,2.5,39,1.7,1.62,2.36,2.25,22,0.25,1.76,1.71,2.26,2.18
D1,25/04/14,Hannover,Stuttgart,0,0,D,0,0,D,9,6,2,3,15,15,2,5,2,2,0,0,2.7,3.4,2.5,2.6,3.5,2.5,3,3.1,2.4,2.6,3.4,2.62,2.8,3.47,2.66,2.75,3.4,2.5,2.63,3.3,2.5,2.75,3.5,2.55,48,3,2.71,3.65,3.38,2.77,2.56,43,1.78,1.69,2.34,2.15,26,0,2.02,1.95,1.99,1.89
D1,26/04/14,Bayern Munich,Werder Bremen,5,2,H,1,2,A,23,7,11,3,11,13,13,5,1,1,0,0,1.2,7,11,1.22,7,9.5,1.22,5.5,12,1.2,7,11,1.25,7.25,12.5,1.22,6,12,1.22,6.25,10,1.25,7,12,47,1.26,1.22,7.25,6.51,12.5,11.11,37,1.25,1.29,3.85,3.44,26,-2,2.04,1.98,1.94,1.87
D1,26/04/14,Hertha,Braunschweig,2,0,H,0,0,D,20,7,11,1,14,18,8,3,0,0,0,0,2,3.5,3.6,1.95,3.6,3.6,2.05,3.3,3.5,1.85,3.6,4,2.04,3.63,3.93,2,3.2,4,1.95,3.3,3.75,2.05,3.5,3.9,47,2.05,1.97,4,3.42,4.1,3.85,44,2.1,1.98,1.91,1.81,23,-0.5,2.04,1.97,1.94,1.88
D1,26/04/14,Hoffenheim,Ein Frankfurt,0,0,D,0,0,D,18,8,5,3,18,13,3,2,0,4,1,0,1.91,3.75,3.6,1.9,3.7,3.7,1.9,3.45,3.8,1.9,3.6,3.8,1.94,4.06,3.86,1.95,3.5,3.8,1.9,3.5,3.8,1.95,4,3.6,47,2,1.91,4.1,3.69,4,3.75,37,1.42,1.37,3.15,2.95,23,-0.5,1.95,1.91,2,1.94
D1,26/04/14,Leverkusen,Dortmund,2,2,D,2,2,D,16,14,5,6,14,9,7,5,1,1,0,0,3,3.5,2.25,2.9,3.6,2.25,2.75,3.3,2.4,3.1,3.5,2.25,3.25,3.68,2.27,3.1,3.3,2.3,3,3.3,2.25,3,3.5,2.3,47,3.3,3.05,3.8,3.43,2.4,2.26,35,1.56,1.52,2.61,2.45,22,0.25,1.96,1.9,2,1.96
D1,26/04/14,Mainz,Nurnberg,2,0,H,2,0,H,18,13,5,1,6,11,8,7,0,2,0,0,1.62,4,5.25,1.62,4,5,1.65,3.6,5.1,1.66,3.75,5,1.65,4.16,5.72,1.67,3.5,5.5,1.62,3.75,5.25,1.67,4,5.2,47,1.68,1.63,4.2,3.83,6,5.41,37,1.64,1.59,2.54,2.3,24,-1,2.16,2.07,1.85,1.8
D1,26/04/14,Wolfsburg,Freiburg,2,2,D,1,0,H,23,13,7,7,13,14,11,7,2,2,0,0,1.44,4.75,6,1.45,4.75,5.75,1.42,4.4,7,1.44,4.5,6.5,1.45,5.09,7.52,1.44,4.5,7,1.44,4.33,6.5,1.45,4.75,7,47,1.46,1.43,5.2,4.63,9,6.75,37,1.45,1.41,3.15,2.79,23,-1,1.72,1.68,2.32,2.23
D1,27/04/14,Augsburg,Hamburg,3,1,H,3,1,H,15,19,5,5,16,19,4,5,1,2,0,0,1.85,3.6,4,1.85,3.7,3.9,1.9,3.45,3.8,1.9,3.5,4,1.88,3.78,4.48,1.83,3.5,4.2,1.83,3.5,4,1.9,3.6,4.33,47,1.95,1.84,4,3.56,4.4,4.17,44,1.9,1.82,2.1,1.96,23,-0.5,1.88,1.84,2.09,2.02
D1,27/04/14,Schalke 04,M'gladbach,0,1,A,0,1,A,17,12,6,6,11,1,12,9,2,0,0,0,2,3.6,3.5,1.91,3.7,3.6,1.9,3.45,3.8,1.9,3.6,3.8,1.98,3.84,3.94,1.95,3.5,3.8,1.91,3.4,3.75,2.05,3.6,3.6,47,2.05,1.96,3.85,3.51,4,3.75,37,1.66,1.6,2.56,2.27,23,-0.5,2.03,1.96,1.96,1.89
D1,03/05/14,Braunschweig,Augsburg,0,1,A,0,0,D,17,24,6,10,21,21,7,9,2,2,0,0,2.75,3.5,2.4,2.6,3.7,2.4,2.4,3.5,2.65,2.87,3.4,2.37,2.84,3.79,2.47,2.8,3.2,2.5,2.8,3.3,2.4,2.9,3.5,2.45,48,2.9,2.77,3.8,3.46,2.7,2.44,44,1.76,1.71,2.26,2.11,25,0,2.13,2.07,1.85,1.79
D1,03/05/14,Dortmund,Hoffenheim,3,2,H,3,1,H,16,12,10,4,16,23,5,5,0,1,0,0,1.36,5.5,7,1.36,5.5,6.5,1.37,5,6.7,1.36,5,7.5,1.37,5.98,8.18,1.36,5,8,1.36,5.25,6.5,1.4,5.5,7.5,48,1.4,1.35,6.22,5.44,8.5,7.31,35,1.27,1.23,4.33,3.97,28,-1.5,1.97,1.9,2,1.94
D1,03/05/14,Ein Frankfurt,Leverkusen,0,2,A,0,2,A,6,21,2,5,16,13,3,5,2,1,0,0,4.2,4,1.75,4.2,3.8,1.75,4.5,4,1.65,4.33,3.6,1.8,4.44,4.26,1.79,4.2,3.75,1.8,4.33,3.75,1.73,4.2,4,1.8,48,4.65,4.24,4.25,3.84,1.85,1.77,35,1.5,1.45,2.78,2.66,24,0.75,1.91,1.86,2.06,1.99
D1,03/05/14,Freiburg,Schalke 04,0,2,A,0,1,A,10,26,1,6,11,11,3,5,2,2,0,1,3.6,3.6,1.95,3.5,3.7,1.95,3.5,3.4,2,3.75,3.6,1.9,3.82,3.83,2.01,3.75,3.3,2,3.6,3.4,1.95,3.6,3.7,2,47,4,3.64,3.85,3.55,2.05,1.98,35,1.65,1.59,2.56,2.29,24,0.5,1.92,1.87,2.04,1.98
D1,03/05/14,Hamburg,Bayern Munich,1,4,A,0,1,A,10,18,5,8,14,7,2,5,1,1,0,1,7,5.25,1.36,6.5,5.5,1.36,5.2,4.5,1.5,6.5,5,1.4,7.68,5.66,1.4,6.5,5,1.4,7,4.8,1.36,7.5,5.25,1.4,48,8.5,7.16,5.7,5.09,1.5,1.38,35,1.4,1.34,3.45,3.17,28,1.5,1.94,1.88,2.03,1.96
D1,03/05/14,M'gladbach,Mainz,3,1,H,1,0,H,7,18,4,4,8,11,3,6,0,0,0,0,1.85,3.8,3.8,1.87,3.75,3.7,1.85,3.5,3.9,1.9,3.6,3.75,1.88,3.9,4.28,1.83,3.8,4,1.8,3.5,4.33,1.9,3.8,4.1,48,1.91,1.86,3.95,3.65,4.34,4.03,41,1.67,1.63,2.4,2.24,25,-0.5,1.89,1.84,2.08,2.01
D1,03/05/14,Nurnberg,Hannover,0,2,A,0,1,A,15,14,8,7,12,18,8,5,3,1,0,0,2.1,3.6,3.25,1.95,3.7,3.5,1.85,3.6,3.8,2.1,3.6,3.25,2.07,3.84,3.62,2.1,3.4,3.4,2,3.5,3.4,2.05,3.6,3.5,48,2.11,2.05,3.81,3.57,3.8,3.43,36,1.65,1.58,2.44,2.32,24,-0.5,2.1,2.04,1.88,1.82
D1,03/05/14,Stuttgart,Wolfsburg,1,2,A,0,1,A,6,13,2,6,11,15,2,5,1,1,0,0,2.7,3.6,2.4,2.65,3.6,2.4,2.75,3.3,2.4,2.75,3.5,2.4,2.86,3.81,2.46,2.8,3.2,2.5,2.75,3.4,2.38,2.8,3.6,2.4,48,2.94,2.79,3.85,3.54,2.6,2.38,35,1.5,1.45,2.85,2.65,24,0.25,1.85,1.79,2.12,2.07
D1,03/05/14,Werder Bremen,Hertha,2,0,H,0,0,D,12,11,4,4,18,17,5,11,3,1,0,0,2.63,3.5,2.5,2.6,3.5,2.5,2.4,3.4,2.7,2.5,3.5,2.62,2.87,3.65,2.51,2.8,3.2,2.5,2.75,3.3,2.5,2.8,3.5,2.5,48,2.85,2.73,3.65,3.42,2.7,2.49,39,1.7,1.63,2.4,2.22,26,0,2.1,2.02,1.9,1.83
D1,10/05/14,Augsburg,Ein Frankfurt,2,1,H,1,1,D,17,7,7,2,12,12,5,5,0,2,0,0,1.53,4.33,5.5,1.5,4.75,5.25,1.5,4.2,5.7,1.53,4.33,5.5,1.56,4.61,6.21,1.57,3.8,6,1.53,4,5.75,1.57,4.5,5.5,50,1.6,1.53,4.75,4.24,6.21,5.78,35,1.55,1.5,2.76,2.53,28,-1,1.93,1.88,2.01,1.97
D1,10/05/14,Bayern Munich,Stuttgart,1,0,H,0,0,D,24,8,6,2,11,14,12,2,2,2,0,0,1.2,7,11,1.19,7.75,9.75,1.2,6.5,11,1.2,7,12,1.21,8.47,13.02,1.22,6,12,1.18,6.5,11,1.22,8,13,50,1.22,1.2,8.5,7.16,14,11.88,37,1.21,1.17,5.4,4.65,26,-2,1.77,1.72,2.27,2.16
D1,10/05/14,Hannover,Freiburg,3,2,H,1,0,H,19,12,9,7,19,9,8,4,1,2,0,0,2,3.6,3.5,1.91,3.8,3.5,1.85,3.5,3.9,1.95,3.6,3.6,2.02,3.93,3.72,2,3.4,3.75,1.95,3.6,3.5,2,3.75,3.5,50,2.02,1.96,3.93,3.65,3.9,3.58,35,1.58,1.53,2.6,2.42,25,-0.5,2.02,1.97,1.93,1.89
D1,10/05/14,Hertha,Dortmund,0,4,A,0,2,A,10,13,5,7,18,12,9,0,2,0,0,0,5.25,4.5,1.53,5.25,4.6,1.5,5.5,4.3,1.5,5.5,4.33,1.53,6.25,4.73,1.54,5.5,4.33,1.53,5.25,4.33,1.53,5.5,4.5,1.57,50,6.3,5.59,4.8,4.43,1.57,1.52,36,1.44,1.37,3.2,2.99,28,1,2.07,2.01,1.92,1.85
D1,10/05/14,Hoffenheim,Braunschweig,3,1,H,1,0,H,16,6,8,2,17,14,5,2,3,0,0,0,1.67,4.5,4.2,1.65,4.6,4,1.7,4.1,4,1.72,4,4.33,1.76,4.45,4.42,1.75,4,4,1.67,4,4.33,1.75,4.5,4.3,50,1.8,1.7,4.7,4.2,4.5,4.24,37,1.36,1.3,3.8,3.45,25,-1,2.18,2.09,1.82,1.77
D1,10/05/14,Leverkusen,Werder Bremen,2,1,H,1,1,D,14,8,6,2,16,9,8,4,2,0,0,0,1.25,6.5,9,1.25,6.75,8.5,1.22,6,10.5,1.28,6,8.5,1.26,7.14,11.19,1.29,5,11,1.25,5.8,9,1.25,6.5,11,50,1.29,1.25,7.23,6.25,12,10.15,39,1.31,1.27,3.85,3.64,28,-2,2.1,2.04,1.86,1.81
D1,10/05/14,Mainz,Hamburg,3,2,H,1,1,D,13,20,6,7,14,14,4,8,0,0,0,0,1.83,4,3.75,1.8,4.25,3.6,1.75,4,3.8,1.8,4,3.8,1.82,4.25,4.25,1.85,3.8,3.8,1.73,3.8,4,1.8,4.2,4,50,1.85,1.8,4.3,3.96,4.33,3.95,36,1.54,1.47,2.8,2.58,24,-0.75,2.06,2.01,1.9,1.85
D1,10/05/14,Schalke 04,Nurnberg,4,1,H,2,0,H,22,11,11,4,12,20,7,3,0,5,0,0,1.29,5.5,9.5,1.3,6,7.5,1.25,6.5,8,1.3,5.5,9,1.29,6.6,11,1.3,6,8,1.29,5.5,9,1.3,6,10.5,50,1.32,1.28,6.6,5.74,11,9.35,37,1.37,1.3,3.6,3.36,25,-1.5,1.85,1.74,2.2,2.11
D1,10/05/14,Wolfsburg,M'gladbach,3,1,H,1,0,H,19,13,10,3,9,10,7,8,2,4,0,0,1.83,4,3.75,1.83,4,3.6,1.8,3.8,3.8,1.85,4,3.6,1.89,4.14,4,1.85,3.6,4,1.8,3.75,4,1.91,4,3.9,49,1.91,1.84,4.2,3.85,4.1,3.89,36,1.5,1.45,2.9,2.66,24,-0.5,1.89,1.85,2.06,2.01
