Div,Date,HomeTeam,AwayTeam,FTHG,FTAG,FTR,HTHG,HTAG,HTR,B365H,B365D,B365A,BWH,BWD,BWA,IWH,IWD,IWA,LBH,LBD,LBA,PSH,PSD,PSA,WHH,WHD,WHA,SJH,SJD,SJA,VCH,VCD,VCA,Bb1X2,BbMxH,BbAvH,BbMxD,BbAvD,BbMxA,BbAvA,BbOU,BbMx>2.5,BbAv>2.5,BbMx<2.5,BbAv<2.5,BbAH,BbAHh,BbMxAHH,BbAvAHH,BbMxAHA,BbAvAHA
SC2,10/08/13,Arbroath,Ayr,0,3,A,0,2,A,2.4,3.6,2.4,2.5,3.4,2.4,2.4,3.2,2.4,2.37,3.5,2.37,2.55,3.67,2.7,2.62,3.1,2.75,2.4,3.5,2.5,2.5,3.6,2.7,24,2.62,2.44,3.6,3.39,2.75,2.54,16,1.6,1.54,2.44,2.36,10,0,1.89,1.86,2.04,1.99
SC2,10/08/13,East Fife,Dunfermline,0,1,A,0,1,A,2.6,3.5,2.3,2.5,3.4,2.4,2.5,3.2,2.3,2.25,3.4,2.6,2.93,3.69,2.36,2.75,3.1,2.62,2.75,3.4,2.38,2.8,3.5,2.45,24,2.8,2.64,3.5,3.35,2.62,2.39,16,1.65,1.6,2.34,2.25,10,0,2.15,2.07,1.85,1.79
SC2,10/08/13,Forfar,Airdrie Utd,3,3,D,1,1,D,2.2,3.6,2.63,2.25,3.5,2.65,2.3,3.2,2.5,2.2,3.5,2.6,2.43,3.8,2.77,2.4,3.5,2.75,2.38,3.5,2.63,2.4,3.6,2.8,24,2.45,2.33,3.6,3.44,2.8,2.64,15,1.45,1.41,3,2.76,10,0,1.83,1.8,2.1,2.06
SC2,10/08/13,Rangers,Brechin,4,1,H,2,0,H,1.2,6,11,1.19,5.75,10.5,1.2,5,10,1.16,5.5,11,,,,1.3,6,10,1.25,5.75,9,1.29,6,9,23,1.3,1.23,6.2,5.61,12,9.68,15,1.33,1.29,3.6,3.42,10,-1.75,1.94,1.89,2,1.95
SC2,10/08/13,Stenhousemuir,Stranraer,1,0,H,1,0,H,1.95,3.6,3.3,1.9,3.5,3.4,2,3.3,3,2,3.5,3,2,3.9,3.6,2,3.6,3.5,1.9,3.5,3.6,1.95,3.6,3.7,24,2,1.93,3.75,3.51,3.85,3.42,15,1.47,1.44,2.8,2.65,11,-0.5,2,1.92,1.98,1.93
SC2,17/08/13,Airdrie Utd,Stenhousemuir,0,1,A,0,0,D,2.2,3.6,3,2.1,3.5,2.85,2.2,3.2,2.7,2,3.5,3,2.28,3.75,3.03,2.1,3.75,2.88,2.2,3.5,2.88,2.25,3.75,2.9,28,2.38,2.18,3.6,3.44,3,2.86,17,1.57,1.5,2.62,2.48,,,,,,
SC2,17/08/13,Ayr,Forfar,2,0,H,1,0,H,2.05,3.75,3.2,1.9,3.5,3.4,2,3.3,3,1.9,3.5,3.2,2.12,3.99,3.21,1.91,3.75,3.3,2.05,3.5,3.13,2.1,3.75,3.25,28,2.2,2.04,3.75,3.52,3.4,3.11,16,1.45,1.41,3,2.76,,,,,,
SC2,17/08/13,Brechin,East Fife,2,0,H,0,0,D,1.83,3.75,4,1.8,3.6,3.6,1.85,3.3,3.4,1.9,3.5,3.2,1.943,3.99,3.71,1.8,3.75,3.6,1.8,3.5,4,1.87,3.75,4,27,1.91,1.83,3.75,3.56,4.15,3.71,17,1.55,1.48,2.63,2.53,,,,,,
SC2,17/08/13,Dunfermline,Arbroath,2,3,A,2,3,A,1.7,4,4.5,1.67,3.7,4.2,1.65,3.4,4.2,1.66,3.6,4,1.725,4.03,4.82,1.73,3.75,4,1.67,3.6,4.5,1.7,4,4.6,26,1.73,1.69,4,3.65,4.8,4.35,17,1.69,1.61,2.3,2.22,,,,,,
SC2,17/08/13,Stranraer,Rangers,0,3,A,0,3,A,9.5,5.5,1.29,7.75,5.5,1.25,7.5,4,1.33,9,5.5,1.2,9.5,5.88,1.315,9,5.5,1.3,8.5,5.25,1.29,10,5.75,1.29,23,10,8.39,5.75,5.19,1.33,1.28,16,1.4,1.37,3,2.91,,,,,,
SC2,23/08/13,Airdrie Utd,Rangers,0,6,A,0,2,A,8.5,5,1.33,7.75,5.5,1.25,8,4.2,1.3,8,5,1.33,,,,7,5.5,1.36,7.5,4.5,1.33,8,5.5,1.33,30,9.4,7.82,5.5,4.97,1.34,1.31,16,1.5,1.41,3,2.76,18,1.5,1.98,1.92,2.02,1.92
SC2,24/08/13,Brechin,Forfar,2,1,H,1,0,H,1.95,3.75,3.5,1.95,3.5,3.2,1.9,3.3,3.3,1.83,3.5,3.4,2,3.94,3.56,1.83,3.6,3.3,1.91,3.75,3.4,1.95,3.75,3.6,26,1.95,1.9,3.75,3.61,3.6,3.37,16,1.45,1.42,2.88,2.71,13,-0.5,1.96,1.93,1.98,1.91
SC2,24/08/13,East Fife,Arbroath,2,1,H,2,1,H,2.63,3.5,2.5,2.45,3.5,2.4,2.5,3.2,2.3,2.25,3.5,2.5,2.81,3.5,2.54,2.15,3.5,2.7,2.6,3.5,2.38,2.75,3.5,2.5,26,2.8,2.56,3.5,3.36,2.7,2.43,23,1.85,1.79,2.05,2,13,0,2.08,2.02,1.86,1.82
SC2,24/08/13,Stenhousemuir,Dunfermline,4,5,A,2,0,H,2.75,3.5,2.4,2.35,3.5,2.5,2.4,3.2,2.4,2.25,3.5,2.5,2.9,3.68,2.39,2.4,3.4,2.4,2.6,3.5,2.4,2.8,3.5,2.45,26,2.75,2.57,3.5,3.35,2.5,2.41,16,1.73,1.64,2.25,2.18,13,0,2.05,2.02,1.86,1.82
SC2,24/08/13,Stranraer,Ayr,1,1,D,1,1,D,3.4,3.75,2,3.1,3.5,2,3,3.3,2,2.87,3.6,2,3.48,3.81,2.06,2.88,3.5,2.05,3.13,3.8,1.95,3.4,3.75,2.05,26,3.4,3.07,3.8,3.55,2.1,2.02,16,1.55,1.51,2.6,2.47,13,0.5,1.85,1.81,2.07,2.03
SC2,31/08/13,Arbroath,Brechin,2,1,H,2,0,H,2.6,3.6,2.5,2.4,3.4,2.5,2.4,3.2,2.4,2.37,3.5,2.37,2.84,3.63,2.45,2.4,3.4,2.4,2.5,3.5,2.5,2.62,3.6,2.55,28,2.7,2.56,3.6,3.35,2.62,2.46,17,1.6,1.52,2.55,2.42,13,0,2.05,2,1.88,1.85
SC2,31/08/13,Ayr,Airdrie Utd,2,2,D,2,2,D,1.85,3.6,4,1.8,3.6,3.6,1.8,3.3,3.6,1.83,3.5,3.4,1.826,3.92,4.3,1.83,3.5,3.4,1.8,3.6,3.8,1.83,3.6,4.1,28,1.91,1.82,3.75,3.57,4.1,3.73,17,1.63,1.55,2.45,2.35,14,-0.5,1.88,1.85,2.03,1.99
SC2,31/08/13,Dunfermline,Stranraer,3,1,H,1,1,D,1.53,4.33,5.5,1.53,3.9,5,1.5,3.7,5,1.57,3.75,4.5,1.549,4.56,5.86,1.5,4,4.8,1.5,4,5.5,1.55,4.3,5.75,27,1.62,1.52,4.33,4.07,5.75,5.16,16,1.61,1.51,2.62,2.45,15,-1,1.96,1.9,1.99,1.94
SC2,31/08/13,Forfar,Stenhousemuir,1,2,A,0,2,A,2.5,3.6,2.6,2.3,3.5,2.55,2.3,3.2,2.5,2.2,3.5,2.62,2.57,3.7,2.66,2.2,3.5,2.62,2.38,3.5,2.6,2.5,3.6,2.7,28,2.5,2.37,3.6,3.42,2.8,2.59,16,1.45,1.43,2.9,2.68,13,0,1.9,1.85,2.06,2
SC2,31/08/13,Rangers,East Fife,5,0,H,3,0,H,1.17,7.5,13,1.17,6.5,10,1.15,6,12,1.14,6.5,11,,,,1.17,6,10,1.17,7,12,1.17,7.5,17,27,1.2,1.16,7.5,6.71,18.5,12.42,17,1.4,1.37,3.2,2.94,13,-2,1.85,1.8,2.11,2.04
SC2,14/09/13,Airdrie Utd,Stranraer,3,2,H,1,1,D,2.1,3.75,3.1,2,3.5,3.1,2.2,3.2,2.7,2,3.5,3,2.2,3.76,3.19,2.3,3.2,3.2,2.1,3.5,3,2.2,3.7,3.1,28,2.2,2.11,3.75,3.43,3.25,3.01,18,1.67,1.62,2.38,2.21,14,-0.25,1.9,1.87,2.08,1.97
SC2,14/09/13,Brechin,Dunfermline,1,1,D,0,1,A,2.4,3.5,2.75,2.2,3.5,2.7,2.3,3.2,2.5,2.2,3.5,2.62,2.5,3.7,2.78,2.5,3.2,2.8,2.4,3.4,2.63,2.4,3.75,2.75,28,2.5,2.38,3.75,3.39,2.75,2.62,16,1.53,1.47,2.8,2.56,13,0,1.9,1.85,2.06,2
SC2,14/09/13,East Fife,Forfar,1,3,A,1,1,D,2.25,3.6,2.9,2.05,3.5,3,2.2,3.2,2.7,2,3.5,3,2.38,3.68,2.91,2.38,3.2,3,2.25,3.5,2.8,2.3,3.6,2.9,28,2.4,2.23,3.6,3.42,3,2.83,16,1.5,1.46,2.75,2.57,14,-0.25,2.08,2.01,1.89,1.83
SC2,14/09/13,Rangers,Arbroath,5,1,H,0,0,D,1.14,7,13,1.12,7,13,1.15,6,12,1.14,6,12,,,,1.17,7.5,13,1.13,6.5,19,1.14,7.5,21,24,1.15,1.13,10.25,7.02,26,16.91,18,1.41,1.38,3,2.88,12,-2.25,1.91,1.83,2.05,2
SC2,14/09/13,Stenhousemuir,Ayr,1,1,D,0,1,A,2.25,3.75,2.8,2.2,3.5,2.7,2.2,3.2,2.7,2.25,3.5,2.5,2.38,3.64,2.94,2.4,3.3,2.88,2.25,3.4,2.8,2.3,3.6,3,29,2.38,2.26,3.75,3.41,2.95,2.76,18,1.57,1.52,2.62,2.42,14,-0.25,2.07,2,1.89,1.84
SC2,21/09/13,Arbroath,Stenhousemuir,3,4,A,1,1,D,2.7,3.6,2.4,2.45,3.5,2.4,2.5,3.2,2.3,2.25,3.5,2.5,2.9,3.56,2.44,2.7,3.4,2.5,2.75,3.4,2.38,2.9,3.6,2.3,27,2.9,2.65,3.6,3.34,2.5,2.36,17,1.67,1.6,2.4,2.25,12,0,2.19,2.09,1.82,1.77
SC2,21/09/13,Ayr,Brechin,2,2,D,2,0,H,2.2,3.4,3.2,2.3,3.4,2.65,2.2,3.2,2.7,2.1,3.5,2.75,2.28,3.67,3.08,2.4,3.5,2.8,2.3,3.4,2.8,2.25,3.75,2.9,27,2.4,2.25,3.6,3.33,3.2,2.83,17,1.62,1.51,2.62,2.45,12,0,1.74,1.7,2.23,2.18
SC2,21/09/13,Dunfermline,Airdrie Utd,2,1,H,0,0,D,1.6,4.2,5,1.65,3.8,4.1,1.55,3.5,4.8,1.66,3.6,4,1.637,4.37,5.12,1.73,3.75,4.5,1.62,3.8,4.8,1.65,4.2,4.8,27,1.73,1.61,4.2,3.77,5.05,4.66,16,1.53,1.46,2.88,2.58,12,-0.75,1.84,1.8,2.09,2.05
SC2,21/09/13,Stranraer,East Fife,2,0,H,1,0,H,2.4,3.5,2.75,2.45,3.4,2.45,2.3,3.2,2.5,2.37,3.5,2.37,2.32,3.66,3.02,2.5,3.5,2.62,2.4,3.4,2.63,2.45,3.6,2.75,27,2.5,2.4,3.5,3.32,2.8,2.61,17,1.57,1.52,2.62,2.42,13,0,1.85,1.82,2.07,2.03
SC2,22/09/13,Forfar,Rangers,0,1,A,0,1,A,10,5.5,1.29,8.5,5.25,1.25,9,4.5,1.25,9,5.5,1.2,10.85,6.45,1.268,9.5,5.5,1.29,9.5,5.25,1.25,12,6,1.25,26,12,9.51,6,5.37,1.29,1.24,17,1.36,1.31,3.25,3,11,1.5,2.2,2.15,1.77,1.72
SC2,28/09/13,Arbroath,Forfar,3,0,H,1,0,H,2.2,3.75,2.88,2.2,3.5,2.7,2.3,3.2,2.5,2.2,3.5,2.62,2.3,3.82,2.96,2.4,3.4,2.8,2.25,3.6,2.75,2.25,3.8,2.88,28,2.4,2.26,3.82,3.49,2.96,2.73,16,1.52,1.48,2.7,2.53,13,-0.25,2.04,2,1.88,1.84
SC2,28/09/13,Brechin,Stranraer,1,1,D,1,0,H,1.67,3.8,5,1.65,3.75,4.25,1.7,3.4,3.9,1.61,3.6,4.33,1.74,4.17,4.51,1.75,3.5,4.2,1.73,3.75,4.33,1.73,4.1,4.3,28,1.75,1.69,4.17,3.73,5,4.21,16,1.52,1.49,2.7,2.52,13,-0.75,2.01,1.94,1.94,1.9
SC2,28/09/13,Dunfermline,Ayr,5,1,H,4,1,H,1.73,4,4.2,1.8,3.6,3.6,1.75,3.4,3.7,1.83,3.5,3.4,1.78,4.05,4.46,1.75,3.75,4.5,1.73,3.6,4.33,1.75,4,4.3,27,1.87,1.75,4.05,3.65,4.5,3.99,15,1.65,1.57,2.4,2.31,12,-0.5,1.78,1.75,2.14,2.1
SC2,28/09/13,East Fife,Airdrie Utd,1,0,H,1,0,H,2.5,3.75,2.5,2.3,3.5,2.55,2.4,3.2,2.4,2.25,3.5,2.5,2.61,3.72,2.61,2.62,3.5,2.5,2.5,3.5,2.5,2.62,3.7,2.5,27,2.66,2.49,3.75,3.41,2.61,2.49,15,1.62,1.58,2.38,2.29,13,0,2.01,1.95,1.95,1.9
SC2,28/09/13,Rangers,Stenhousemuir,8,0,H,3,0,H,1.17,7.5,13,1.16,6.75,10,1.15,6,12,1.16,5.5,11,,,,1.17,7,15,1.17,7,12,1.17,7.5,18,26,1.17,1.15,7.5,6.69,18.11,13.24,16,1.35,1.3,3.6,3.35,11,-2,1.88,1.79,2.11,2.07
SC2,05/10/13,Airdrie Utd,Brechin,3,1,H,2,1,H,2.38,3.6,2.5,2.45,3.5,2.4,2.4,3.2,2.4,2.37,3.5,2.37,2.68,3.64,2.58,2.6,3.4,2.6,2.5,3.5,2.5,2.6,3.6,2.6,27,2.61,2.47,3.6,3.35,2.65,2.53,16,1.62,1.57,2.5,2.31,14,0,1.95,1.89,2.01,1.95
SC2,05/10/13,Forfar,Dunfermline,4,0,H,2,0,H,3.4,3.6,1.91,3.25,3.5,1.95,3,3.3,2,2.87,3.6,2,3.56,3.93,2,3.4,3.4,2.1,3.3,3.6,2,3.4,3.6,2.1,27,3.75,3.22,3.75,3.5,2.1,1.99,15,1.5,1.46,2.75,2.58,14,0.5,1.87,1.82,2.08,2.03
SC2,05/10/13,Stenhousemuir,East Fife,1,1,D,1,1,D,1.7,3.75,4.75,1.7,3.7,4,1.75,3.4,3.7,1.8,3.5,3.5,1.746,4.15,4.51,1.8,3.75,4.2,1.67,3.75,4.5,1.75,3.75,4.6,27,1.8,1.7,3.8,3.65,4.75,4.33,16,1.55,1.48,2.63,2.54,14,-0.75,2.02,1.9,2.01,1.95
SC2,05/10/13,Stranraer,Arbroath,3,2,H,3,0,H,2.25,3.4,2.8,2.45,3.4,2.45,2.3,3.2,2.5,2.5,3.5,2.25,2.31,3.77,2.96,2.5,3.5,2.62,2.3,3.5,2.75,2.45,3.5,2.6,27,2.5,2.36,3.5,3.35,2.95,2.65,16,1.55,1.5,2.62,2.49,13,0,1.82,1.78,2.11,2.07
SC2,06/10/13,Ayr,Rangers,0,2,A,0,0,D,10,5.75,1.22,8.5,5.75,1.22,9,4.5,1.25,9,5.5,1.2,,,,9.5,5.5,1.29,9.5,5.75,1.25,12,6,1.25,27,14,10.09,6.5,5.53,1.29,1.22,16,1.33,1.29,3.75,3.4,11,1.5,2.33,2.25,1.7,1.66
SC2,12/10/13,Arbroath,Airdrie Utd,3,2,H,1,0,H,2.1,3.75,3.1,2.1,3.5,2.9,2,3.3,3,2.1,3.5,2.75,2.16,3.83,3.26,2.05,3.7,3.25,2.1,3.6,3,2.2,3.8,2.9,32,2.25,2.12,3.8,3.51,3.25,2.97,18,1.5,1.45,2.75,2.62,16,-0.5,2.27,2.2,1.75,1.69
SC2,12/10/13,East Fife,Ayr,1,4,A,1,2,A,2.63,3.75,2.38,2.65,3.5,2.25,2.4,3.2,2.4,2.62,3.5,2.2,2.67,3.7,2.56,2.7,3.2,2.6,2.5,3.5,2.4,2.7,3.75,2.45,32,2.7,2.57,3.75,3.38,2.6,2.44,19,1.57,1.51,2.62,2.43,15,0,2.03,1.97,1.92,1.87
SC2,12/10/13,Forfar,Stranraer,1,2,A,1,2,A,2,3.75,3.4,2.05,3.5,2.95,2,3.3,3,2.1,3.5,2.75,2.05,3.86,3.47,2.1,3.5,3.3,2,3.5,3.25,2.05,3.8,3.3,32,2.1,2.02,3.86,3.49,3.47,3.19,19,1.53,1.47,2.75,2.55,17,-0.5,2.09,2.03,1.85,1.82
SC2,12/10/13,Stenhousemuir,Brechin,3,2,H,0,1,A,2.1,3.75,3.1,2.2,3.5,2.7,2,3.3,3,2.1,3.5,2.75,2.17,3.78,3.23,2.3,3.3,3.1,2.1,3.6,3,2.15,3.75,3.12,32,2.3,2.12,3.78,3.44,3.23,3.01,19,1.55,1.49,2.63,2.49,17,-0.25,1.94,1.88,2,1.95
SC2,19/10/13,Airdrie Utd,Forfar,0,2,A,0,1,A,2.4,3.5,2.75,2.25,3.5,2.65,2.3,3.2,2.5,2.2,3.5,2.62,2.29,3.79,3.04,2.5,3.5,2.62,2.3,3.6,2.63,2.4,3.6,2.75,30,2.5,2.26,3.6,3.38,3.1,2.74,18,1.5,1.44,2.8,2.63,16,-0.25,2.18,2.01,1.88,1.83
SC2,19/10/13,Ayr,Arbroath,2,0,H,1,0,H,1.83,3.75,4,1.83,3.5,3.6,1.8,3.3,3.6,1.9,3.5,3.2,1.85,3.93,4.14,1.91,4,3.4,1.83,3.6,3.75,1.8,4,4,31,1.91,1.82,4,3.67,4,3.64,19,1.5,1.44,2.75,2.63,12,-0.5,1.87,1.83,2.05,2
SC2,19/10/13,Brechin,Rangers,3,4,A,3,1,H,11,6.5,1.22,8.75,5.75,1.22,10,5,1.2,9,5.5,1.2,,,,13,6,1.22,10,5.75,1.22,12,6.5,1.22,31,14,10.29,6.55,5.86,1.24,1.21,21,1.37,1.35,3.4,3.01,14,1.75,2.11,2.04,1.88,1.79
SC2,19/10/13,Dunfermline,East Fife,1,2,A,1,0,H,1.5,4.33,5,1.5,4.1,5,1.5,3.7,5,1.5,3.8,5,1.5,4.62,6.5,1.57,4.33,5,1.5,4.33,5.5,1.5,4.33,6.25,31,1.57,1.5,4.5,4.1,6.25,5.24,20,1.53,1.47,2.63,2.54,17,-1,1.89,1.83,2.06,2.01
SC2,19/10/13,Stranraer,Stenhousemuir,1,0,H,1,0,H,2.5,3.6,2.38,2.5,3.4,2.4,2.5,3.2,2.3,2.5,3.5,2.25,2.64,3.76,2.56,2.5,3.5,2.62,2.6,3.6,2.38,2.75,3.6,2.4,31,2.75,2.56,3.6,3.39,2.62,2.41,19,1.5,1.44,2.8,2.64,15,0,2.02,1.96,1.94,1.88
SC2,26/10/13,Airdrie Utd,Ayr,0,1,A,0,0,D,3,3.5,2.25,2.6,3.4,2.3,2.5,3.2,2.3,2.5,3.5,2.25,2.92,3.69,2.37,2.8,3.5,2.4,2.75,3.4,2.3,2.88,3.5,2.4,29,3,2.72,3.69,3.38,2.4,2.29,19,1.63,1.57,2.45,2.3,13,0,2.14,2.08,1.85,1.77
SC2,26/10/13,Brechin,Arbroath,3,1,H,1,0,H,2,3.75,3.4,2,3.5,3.1,2,3.3,3,2.1,3.5,2.75,2.05,3.88,3.51,2.1,3.5,3.3,2,3.5,3.3,2.05,3.75,3.4,29,2.1,2.01,3.88,3.48,3.51,3.2,19,1.5,1.46,2.75,2.59,13,-0.25,1.83,1.8,2.12,2.05
SC2,26/10/13,East Fife,Rangers,0,4,A,0,0,D,15,7,1.17,9.25,7.25,1.16,10,5,1.2,10,6,1.16,,,,12,6,1.22,12,7.5,1.14,18,8,1.15,29,18,12.29,8,6.96,1.22,1.15,20,1.4,1.35,3.3,2.99,8,2,2.21,2.15,1.75,1.7
SC2,26/10/13,Stenhousemuir,Forfar,1,1,D,1,1,D,2.1,3.75,3.1,2.1,3.5,2.9,2.1,3.2,2.9,2.1,3.5,2.75,2.36,3.76,2.9,2.25,3.5,3,2.2,3.5,2.8,2.3,3.75,2.88,29,2.36,2.17,3.76,3.5,3.1,2.84,19,1.55,1.5,2.65,2.44,12,-0.25,2.06,1.99,1.91,1.84
SC2,26/10/13,Stranraer,Dunfermline,1,2,A,1,0,H,3.25,3.6,2.1,2.8,3.5,2.15,2.5,3.2,2.3,2.75,3.5,2.1,3.41,3.82,2.08,2.9,3.6,2.25,3.2,3.4,2.05,3.4,3.6,2.1,29,3.41,3.06,3.82,3.39,2.3,2.1,19,1.53,1.48,2.62,2.52,10,0.25,2.07,2.02,1.87,1.81
SC2,06/11/13,Rangers,Dunfermline,3,1,H,0,0,D,1.17,7,15,1.14,7.5,9.75,1.15,6,12,1.14,6,12,,,,1.2,7,12,1.17,6.5,12,1.17,7.5,15,26,1.2,1.16,8,6.75,17.18,12.28,17,1.33,1.31,3.5,3.26,10,-2,1.84,1.81,2.06,2.03
SC2,09/11/13,Arbroath,East Fife,2,2,D,0,0,D,1.91,3.6,3.75,1.9,3.5,3.4,1.9,3.3,3.3,1.95,3.5,3.1,2.05,3.79,3.52,2.1,3.3,3.5,1.95,3.5,3.4,2.05,3.6,3.4,29,2.1,1.98,3.79,3.46,3.75,3.32,15,1.53,1.49,2.62,2.49,14,-0.5,2.05,2.01,1.86,1.83
SC2,09/11/13,Dunfermline,Stenhousemuir,3,2,H,1,1,D,1.7,3.75,4.75,1.8,3.5,3.7,1.7,3.4,3.9,1.72,3.5,3.75,1.8,4.11,4.23,1.83,3.75,4,1.73,3.6,4.33,1.83,3.75,4.1,30,1.83,1.74,4.11,3.65,4.75,4.03,16,1.53,1.48,2.62,2.53,13,-0.5,1.8,1.76,2.16,2.09
SC2,09/11/13,Forfar,Brechin,2,0,H,1,0,H,2.35,3.5,2.8,2.3,3.4,2.65,2.2,3.2,2.7,2.25,3.5,2.5,2.33,3.8,2.95,2.4,3.6,2.7,2.3,3.4,2.75,2.3,3.5,2.9,30,2.4,2.28,3.8,3.42,3.1,2.74,16,1.57,1.52,2.62,2.42,13,0,1.82,1.73,2.23,2.14
SC2,09/11/13,Rangers,Airdrie Utd,2,0,H,0,0,D,1.13,8,19,1.12,7.5,12.5,1.12,6.5,13,1.1,8,13,,,,1.14,7,21,1.11,8,17,1.12,8,23,30,1.14,1.11,9,7.47,23,16.87,16,1.35,1.3,3.75,3.34,9,-2.5,1.92,1.86,2,1.95
SC2,12/11/13,Ayr,Stranraer,3,6,A,2,3,A,2.05,3.5,3.4,1.8,3.6,3.6,1.85,3.3,3.4,1.73,3.6,3.75,2.05,3.74,3.56,1.83,3.75,4,1.95,3.4,3.5,2.05,3.75,3.4,36,2.05,1.93,3.76,3.48,4,3.53,19,1.67,1.62,2.31,2.21,17,-0.5,2.06,2.02,1.86,1.83
SC2,16/11/13,Airdrie Utd,Dunfermline,0,3,A,0,1,A,4,3.8,1.8,3.7,3.6,1.78,3.7,3.4,1.75,3.4,3.5,1.83,3.91,3.94,1.9,4,3.75,1.83,3.75,3.6,1.83,3.9,3.9,1.87,30,4.2,3.73,4,3.6,1.91,1.81,15,1.53,1.47,2.75,2.56,14,0.5,2.07,2,1.9,1.84
SC2,16/11/13,Brechin,Ayr,1,1,D,0,1,A,2.2,3.6,3,2.2,3.5,2.7,2.3,3.2,2.5,2.25,3.5,2.5,2.22,3.79,3.11,2.15,3.6,3.1,2.2,3.4,3,2.15,3.75,3.12,31,2.38,2.2,3.79,3.43,3.13,2.87,16,1.55,1.49,2.69,2.5,12,0,1.67,1.65,2.32,2.27
SC2,16/11/13,East Fife,Stranraer,1,2,A,1,1,D,2.6,3.6,2.5,2.4,3.5,2.45,2.3,3.2,2.5,2.25,3.5,2.5,2.84,3.66,2.44,2.62,3.6,2.5,2.63,3.4,2.4,2.75,3.6,2.45,30,2.84,2.55,3.66,3.4,2.62,2.44,15,1.62,1.56,2.62,2.33,13,0,2.07,2,1.89,1.85
SC2,16/11/13,Stenhousemuir,Arbroath,3,2,H,0,0,D,1.91,3.6,3.75,1.8,3.6,3.6,1.9,3.3,3.3,1.83,3.5,3.4,2.05,3.87,3.46,2,3.6,3.6,2,3.5,3.3,2,3.8,3.5,30,2.1,1.96,3.87,3.54,3.75,3.31,16,1.5,1.46,2.75,2.57,14,-0.5,2.09,2.04,1.87,1.8
SC2,23/11/13,Ayr,Stenhousemuir,4,3,H,2,2,D,2.15,3.75,3,2.2,3.5,2.7,2.1,3.2,2.9,2.1,3.5,2.75,2.31,3.78,2.96,2.25,3.75,2.8,2.2,3.5,2.88,2.2,3.75,3,29,2.31,2.2,3.78,3.46,3,2.86,17,1.57,1.54,2.54,2.37,13,-0.25,2.02,1.94,1.96,1.91
SC2,23/11/13,Dunfermline,Brechin,3,1,H,2,0,H,1.73,3.8,4.5,1.8,3.75,3.5,1.7,3.4,3.9,1.72,3.6,3.75,1.781,4.17,4.27,1.8,3.75,4.2,1.73,3.6,4,1.8,3.8,4.2,28,1.8,1.74,4.17,3.67,4.5,4.02,15,1.42,1.39,3.13,2.86,11,-0.5,1.79,1.76,2.16,2.11
SC2,23/11/13,Forfar,East Fife,2,0,H,0,0,D,1.7,3.8,4.75,1.7,3.75,3.9,1.6,3.5,4.5,1.66,3.6,4,1.763,4.15,4.4,1.73,3.75,4.5,1.67,3.8,4.33,1.75,4,4.3,29,1.76,1.67,4.15,3.78,5,4.32,16,1.5,1.44,2.9,2.64,13,-0.75,1.98,1.9,2.01,1.95
SC2,23/11/13,Stranraer,Airdrie Utd,3,1,H,2,0,H,1.62,4,5,1.6,3.8,4.6,1.55,3.5,4.8,1.61,3.5,4.5,1.69,4.24,4.81,1.67,3.8,4.8,1.62,3.8,4.8,1.67,4.2,4.75,29,1.69,1.6,4.24,3.88,5.25,4.66,16,1.5,1.45,2.75,2.61,12,-0.75,1.89,1.85,2.03,2
SC2,25/11/13,Arbroath,Rangers,0,3,A,0,3,A,9.5,7,1.22,9.5,5.75,1.2,10,5,1.2,10,6,1.16,,,,13,6,1.22,9.5,6,1.22,13,7,1.2,27,13,10.67,7,5.95,1.24,1.2,16,1.33,1.29,3.75,3.42,8,1.5,2.42,2.35,1.65,1.6
SC2,03/12/13,Rangers,Forfar,6,1,H,4,1,H,1.08,10,15,1.11,7.5,14,1.1,7,15,1.11,7,12,,,,1.08,11,21,1.09,7.5,23,1.06,11,23,34,1.11,1.08,12.56,9.46,42.62,19.68,19,1.3,1.26,3.77,3.57,15,-2.5,1.86,1.76,2.14,2.07
SC2,07/12/13,Arbroath,Stranraer,1,2,A,0,1,A,3.2,3.8,2.05,2.7,3.5,2.2,2.5,3.2,2.3,3,3.3,2.1,3.2,3.72,2.21,3.1,3.5,2.2,3,3.5,2.1,3,3.8,2.2,34,3.2,2.96,3.8,3.44,2.3,2.15,20,1.5,1.46,2.7,2.55,17,0.25,2,1.93,1.94,1.89
SC2,07/12/13,Dunfermline,Forfar,1,1,D,0,1,A,1.73,3.8,4.5,1.7,3.7,4,1.7,3.4,3.9,1.7,3.75,4.1,1.74,4.37,4.34,1.75,3.4,5,1.67,3.75,4.5,1.67,4.33,4.5,33,1.75,1.68,4.37,3.68,5,4.38,20,1.45,1.41,3,2.72,17,-0.75,1.93,1.88,2,1.93
SC2,07/12/13,East Fife,Stenhousemuir,1,0,H,1,0,H,2.75,3.6,2.38,2.65,3.5,2.25,2.7,3.2,2.2,2.65,3.4,2.35,2.7,3.86,2.46,2.7,3.4,2.5,2.8,3.4,2.3,2.62,3.8,2.45,34,2.8,2.64,3.91,3.43,2.5,2.36,21,1.55,1.49,2.64,2.46,16,0.25,1.77,1.73,2.16,2.11
SC2,07/12/13,Rangers,Ayr,3,0,H,2,0,H,1.13,8,13,1.1,7.75,13.5,1.12,6.5,13,1.12,6.5,12,,,,1.12,8.5,17,1.13,8,13,1.11,8.5,19,26,1.13,1.11,9,7.84,26,14.82,16,1.4,1.31,3.5,3.2,3,-2.25,1.82,1.78,2.06,1.98
SC2,14/12/13,Airdrie Utd,East Fife,1,3,A,1,1,D,2.9,3.5,2.3,2.65,3.5,2.25,2.7,3.2,2.2,2.75,3.3,2.3,2.78,3.68,2.5,2.7,3.4,2.5,2.88,3.4,2.25,3,3.5,2.3,33,3,2.73,3.65,3.35,2.55,2.32,21,1.67,1.61,2.35,2.22,14,0,2.08,2.03,1.88,1.8
SC2,14/12/13,Ayr,Dunfermline,2,4,A,2,1,H,2.88,3.6,2.3,2.6,3.4,2.3,2.7,3.2,2.2,2.8,3.4,2.2,2.9,3.66,2.4,2.62,3.5,2.5,2.8,3.4,2.3,3,3.6,2.3,33,3,2.79,3.66,3.37,2.5,2.27,20,1.52,1.49,2.65,2.47,13,0.25,1.88,1.8,2.09,2
SC2,14/12/13,Forfar,Arbroath,1,1,D,0,0,D,1.8,4,3.8,1.62,3.8,4.4,1.55,3.5,4.8,1.66,3.7,4.33,1.855,4.04,4.01,1.73,3.75,4.5,1.73,3.8,4.33,1.83,4,3.9,33,1.87,1.73,4.03,3.71,5,4.07,20,1.45,1.41,3,2.75,15,-0.75,2.13,2.03,1.83,1.79
SC2,14/12/13,Stranraer,Brechin,3,0,H,1,0,H,1.85,3.75,3.5,1.78,3.6,3.75,1.8,3.3,3.6,1.9,3.5,3.4,2.01,3.85,3.6,2,3.6,3.5,1.91,3.6,3.5,1.95,3.75,3.7,33,2.01,1.89,3.85,3.56,3.75,3.49,18,1.5,1.46,2.75,2.56,16,-0.5,2.01,1.93,1.95,1.89
SC2,17/12/13,Brechin,Airdrie Utd,4,3,H,2,0,H,1.62,4.2,4.75,1.6,3.9,4.4,1.65,3.4,4.2,1.62,3.9,4.6,1.62,4.38,5.31,1.62,4.33,4.75,1.57,4,4.8,1.65,4.3,5,34,1.65,1.59,4.38,4.03,5.31,4.74,22,1.5,1.44,2.78,2.63,16,-0.75,1.8,1.76,2.17,2.11
SC2,21/12/13,Arbroath,Dunfermline,0,3,A,0,2,A,3.8,3.8,1.85,3.6,3.7,1.78,3.4,3.3,1.85,3.6,3.6,1.85,3.94,3.76,1.94,3.8,3.6,1.91,3.5,3.6,1.9,3.6,3.8,1.95,34,4.75,3.6,3.8,3.54,2,1.87,28,1.4,1.38,3.06,2.89,13,0.5,1.96,1.89,1.99,1.93
SC2,21/12/13,East Fife,Brechin,1,3,A,0,1,A,2.63,3.5,2.5,2.45,3.4,2.45,2.3,3.2,2.5,2.5,3.3,2.5,2.68,3.6,2.61,2.6,3.4,2.6,2.6,3.4,2.5,2.62,3.6,2.55,35,2.7,2.52,3.6,3.38,2.61,2.49,25,1.57,1.52,2.53,2.42,12,0,2,1.94,1.95,1.88
SC2,21/12/13,Forfar,Ayr,0,1,A,0,0,D,2.1,3.6,3.2,2.15,3.3,2.9,2,3.3,3,2.15,3.4,2.9,2.15,3.71,3.32,2.2,3.5,3.1,2.05,3.5,3.13,2.2,3.7,3.1,34,2.3,2.09,3.71,3.47,3.32,3.04,24,1.56,1.51,2.62,2.44,13,-0.25,1.96,1.84,2.05,1.99
SC2,21/12/13,Stenhousemuir,Airdrie Utd,1,1,D,0,1,A,1.67,4.2,4.5,1.65,3.75,4.25,1.6,3.5,4.5,1.61,4,4.33,1.7,4.26,4.8,1.57,4.5,4.8,1.67,4,4,1.7,4.33,4.3,35,1.75,1.65,4.5,3.94,5,4.29,24,1.45,1.42,2.93,2.71,13,-0.75,1.95,1.89,2,1.94
SC2,26/12/13,Rangers,Stranraer,1,1,D,1,0,H,1.1,10,17,1.1,8,14,1.1,7,15,1.11,9,17,,,,1.12,8.5,17,1.07,9,23,1.06,10,31,29,1.12,1.09,11,8.5,31,18.96,22,1.32,1.28,3.75,3.45,8,-2.25,1.62,1.57,2.43,2.35
SC2,28/12/13,Airdrie Utd,Arbroath,2,1,H,0,1,A,2.8,3.5,2.2,2.8,3.4,2.2,2.4,3.2,2.4,2.8,3.4,2.25,2.99,3.76,2.29,2.75,3.5,2.4,3,3.4,2.2,3,3.5,2.3,35,3.1,2.85,3.76,3.38,2.4,2.23,24,1.52,1.47,2.65,2.52,11,0,2.25,2.18,1.75,1.69
SC2,28/12/13,Ayr,East Fife,2,0,H,1,0,H,1.73,3.8,4,1.75,3.7,3.75,1.75,3.4,3.7,1.75,3.5,4,1.8,4.03,4.34,1.83,3.75,4,1.73,3.75,4,1.83,3.8,4.2,35,1.83,1.75,4.03,3.64,4.34,3.98,24,1.55,1.51,2.6,2.44,12,-0.5,1.82,1.76,2.16,2.07
SC2,28/12/13,Brechin,Stenhousemuir,0,1,A,0,1,A,2,3.5,3.25,2.1,3.6,2.8,2.1,3.2,2.9,2.1,3.4,3,2.2,3.81,3.15,2.25,3.6,2.88,2.1,3.6,3,2.15,3.6,3.25,35,2.25,2.1,3.81,3.52,3.25,2.98,24,1.52,1.47,2.75,2.55,13,-0.25,1.94,1.87,2.02,1.96
SC2,30/12/13,Dunfermline,Rangers,0,4,A,0,1,A,9,5.5,1.25,9,5.5,1.22,9,4.5,1.25,11,5.5,1.25,,,,12,5.5,1.25,9,5.5,1.25,13,5.75,1.22,21,13,9.88,6,5.4,1.25,1.24,8,1.29,1.25,4.1,3.55,1,2,1.8,1.8,1.95,1.95
SC2,02/01/14,Airdrie Utd,Rangers,0,1,A,0,1,A,17,7.5,1.11,12.5,7.5,1.12,13,6.5,1.12,13,8,1.08,,,,17,6,1.11,17,7.5,1.11,23,7.5,1.13,25,23,16.24,9,7.24,1.15,1.12,16,1.23,1.2,4.8,4.12,1,2.75,1.85,1.85,2.1,2.1
SC2,02/01/14,Brechin,Forfar,1,5,A,0,4,A,2.1,3.5,3,2.2,3.5,2.7,2,3.3,3,2.1,3.4,3,2.09,3.84,3.44,2.2,3.5,2.62,2.1,3.5,3,2.15,3.75,3.13,26,2.25,2.11,3.75,3.54,3.2,2.95,18,1.55,1.51,2.55,2.43,7,-0.25,1.95,1.87,1.98,1.92
SC2,02/01/14,East Fife,Arbroath,1,0,H,1,0,H,2.1,3.5,3,2.2,3.5,2.7,2.1,3.2,2.9,2.15,3.4,2.9,2.31,3.77,3.01,2.2,3.5,2.62,2.2,3.5,2.88,2.2,3.75,3,26,2.25,2.15,3.75,3.53,3.05,2.87,18,1.53,1.45,2.78,2.6,7,-0.25,2,1.91,1.95,1.88
SC2,02/01/14,Stenhousemuir,Dunfermline,1,2,A,0,1,A,3.2,3.6,2,2.9,3.5,2.1,2.9,3.2,2.1,3.1,3.6,2,3.28,3.82,2.16,2.8,3.6,2.05,3.2,3.6,2,3.4,3.75,2.05,26,3.4,3.07,3.9,3.58,2.2,2.04,16,1.42,1.38,3,2.85,7,0.5,1.86,1.8,2.1,2.01
SC2,04/01/14,Stranraer,Ayr,4,0,H,2,0,H,1.91,3.75,3.6,2,3.5,3.1,2,3.3,3,2,3.4,3.3,2.08,3.75,3.49,2.1,3.6,3.2,1.95,3.4,3.5,2,3.75,3.5,37,2.1,1.98,3.75,3.44,3.7,3.34,26,1.6,1.54,2.5,2.35,13,-0.25,1.8,1.75,2.18,2.1
SC2,05/01/14,Stenhousemuir,Rangers,0,2,A,0,1,A,13,6.5,1.17,11,6.5,1.15,11,5.5,1.17,11,6.5,1.14,,,,15,6,1.2,13,6.25,1.17,18,6.5,1.18,27,18,12.78,7.3,6.22,1.2,1.17,18,1.35,1.32,3.41,3.19,3,2.25,1.9,1.85,2.05,1.96
SC2,11/01/14,Arbroath,Brechin,0,1,A,0,1,A,2.63,3.5,2.5,2.5,3.4,2.4,2.5,3.2,2.3,2.55,3.4,2.4,2.68,3.8,2.51,2.62,3.5,2.5,2.6,3.4,2.5,2.75,3.5,2.5,38,2.88,2.68,3.8,3.39,2.6,2.37,28,1.5,1.43,3,2.69,13,0,2.12,2.06,1.85,1.78
SC2,11/01/14,Ayr,Airdrie Utd,3,0,H,0,0,D,1.53,4.33,5.5,1.53,4,4.75,1.55,3.7,4.4,1.55,3.8,5.25,1.53,4.68,5.93,1.62,4,5,1.53,4.33,5,1.57,4.3,5.5,38,1.62,1.56,4.5,4.08,6,4.82,28,1.57,1.5,2.63,2.46,12,-1,2.03,1.97,1.94,1.84
SC2,11/01/14,Dunfermline,Stranraer,3,2,H,1,1,D,2.1,3.8,3.1,2.05,3.5,3,2,3.3,3,2.05,3.5,3,2.08,4.01,3.29,2.1,3.5,3.3,2.05,3.6,3.13,2.05,3.8,3.3,39,2.1,2.02,3.98,3.57,3.45,3.15,29,1.46,1.41,3,2.77,14,-0.5,2.12,2.03,1.87,1.81
SC2,11/01/14,Forfar,Stenhousemuir,3,0,H,3,0,H,2.15,3.5,3.2,2,3.5,3.1,2,3.3,3,2.15,3.3,3,2.09,3.75,3.45,2.2,3.6,3,2.05,3.5,3.2,2.15,3.6,3.25,38,2.2,2.08,3.75,3.44,3.45,3.1,33,1.68,1.63,2.33,2.2,14,-0.25,1.92,1.83,2.09,2
SC2,11/01/14,Rangers,East Fife,2,0,H,1,0,H,1.08,10,26,1.08,8.75,14.5,1.07,8,16,1.08,9,19,,,,1.08,9,26,1.07,9,23,1.06,10,31,34,1.1,1.07,13.95,9.38,37.07,22.88,26,1.3,1.26,4,3.56,14,-275,1.91,1.85,2.03,1.97
SC2,18/01/14,Arbroath,Stenhousemuir,2,1,H,1,1,D,2.55,3.4,2.63,2.55,3.3,2.4,2.3,3.2,2.5,2.4,3.3,2.6,2.53,3.63,2.74,2.5,3.5,2.62,2.5,3.3,2.63,2.5,3.5,2.75,36,2.55,2.45,3.63,3.34,2.75,2.59,28,1.7,1.6,2.35,2.23,16,0,1.91,1.85,2.05,1.98
SC2,18/01/14,Ayr,Brechin,1,3,A,0,2,A,2.15,3.6,3.1,1.95,3.5,3.2,2.1,3.2,2.9,2.1,3.3,3.2,2.15,3.84,3.27,2.15,3.5,3.2,2.1,3.5,3.13,2.15,3.6,3.25,37,2.2,2.06,3.85,3.46,3.5,3.16,29,1.62,1.54,2.53,2.36,16,-0.5,2.15,2.06,1.83,1.78
SC2,18/01/14,Dunfermline,Airdrie Utd,0,1,A,0,1,A,1.33,5.5,7.5,1.36,5,5.75,1.3,4.2,8,1.35,4.75,7.5,1.34,5.55,9.48,1.4,5,6.5,1.33,5,7,1.33,5.5,8.5,36,1.4,1.33,5.55,4.94,9.48,7.27,27,1.5,1.44,2.8,2.65,15,-1.25,1.77,1.73,2.21,2.13
SC2,20/01/14,Forfar,Rangers,0,2,A,0,0,D,11,7,1.2,9.25,6,1.2,10,5,1.2,13,6.5,1.16,,,,11,7,1.2,12,6,1.18,15,7,1.18,32,15,11.77,7,6.15,1.22,1.19,25,1.4,1.35,3.35,3.03,15,2,2,1.91,1.96,1.9
SC2,25/01/14,Airdrie Utd,Stranraer,1,1,D,1,0,H,4.2,4.2,1.7,4,3.65,1.7,3.6,3.3,1.8,3.9,3.8,1.75,4.21,4.04,1.82,3.8,4,1.8,4,3.75,1.73,4.33,4.2,1.73,34,4.33,3.99,4.2,3.72,1.82,1.74,25,1.53,1.47,2.67,2.53,13,0.5,2.19,2.08,1.85,1.77
SC2,25/01/14,Brechin,Dunfermline,3,2,H,0,1,A,2.75,3.75,2.3,2.75,3.4,2.2,2.5,3.2,2.3,2.75,3.4,2.25,2.98,3.88,2.26,2.75,3.75,2.3,2.8,3.5,2.25,2.88,3.75,2.3,34,2.98,2.77,3.88,3.51,2.35,2.23,15,1.45,1.4,2.94,2.77,14,0.25,1.91,1.84,2.05,1.99
SC2,25/01/14,East Fife,Forfar,2,1,H,0,1,A,2.9,3.6,2.25,2.6,3.5,2.25,2.5,3.2,2.3,2.8,3.3,2.25,3.03,3.61,2.33,2.8,3.5,2.4,2.88,3.4,2.25,3.1,3.6,2.25,34,3.1,2.83,3.61,3.38,2.4,2.26,26,1.73,1.66,2.25,2.13,12,0,2.28,2.21,1.75,1.68
SC2,25/01/14,Rangers,Arbroath,3,2,H,1,1,D,1.08,10,23,1.08,8,17.5,1.07,8,16,1.08,8,13,,,,1.11,8,26,1.08,8.5,21,1.06,10,31,28,1.11,1.08,10,8.48,31,21.39,24,1.25,1.22,4.5,3.95,11,-2.75,1.93,1.88,2,1.93
SC2,25/01/14,Stenhousemuir,Ayr,1,1,D,0,1,A,2.6,3.6,2.5,2.45,3.5,2.4,2.4,3.2,2.4,2.62,3.3,2.4,2.73,3.72,2.5,2.62,3.5,2.5,2.6,3.5,2.38,2.7,3.6,2.5,34,2.83,2.61,3.79,3.44,2.5,2.39,26,1.57,1.51,2.55,2.43,14,0,2.11,2.02,1.9,1.81
SC2,01/02/14,Arbroath,Ayr,2,3,A,0,3,A,3.1,3.8,2.1,3.1,3.5,2,3.3,3.3,1.9,3,3.4,2.1,3.32,3.75,2.14,3.2,3.5,2.15,3.13,3.6,2,3.3,3.6,2.15,35,3.32,3.11,3.85,3.52,2.15,2.06,28,1.62,1.57,2.4,2.3,14,0.25,2.1,2.01,1.89,1.83
SC2,01/02/14,East Fife,Dunfermline,1,3,A,0,1,A,3.4,3.75,2,3.2,3.5,1.95,3.3,3.3,1.9,3.2,3.4,2.05,3.55,3.85,2.02,3.2,3.75,2.05,3.3,3.5,2,3.3,3.75,2.05,36,3.55,3.27,3.85,3.56,2.05,1.98,29,1.62,1.56,2.41,2.32,15,0.5,1.89,1.83,2.1,2.01
SC2,01/02/14,Forfar,Airdrie Utd,1,1,D,1,0,H,1.55,4.33,5.25,1.53,3.9,5,1.55,3.5,4.8,1.61,3.8,4.6,1.61,4.41,5.3,1.67,3.75,5,1.57,4,5,1.62,4,5.25,37,1.67,1.58,4.41,3.91,5.4,4.93,30,1.57,1.52,2.5,2.4,14,-0.75,1.82,1.76,2.2,2.09
SC2,01/02/14,Rangers,Brechin,2,1,H,2,0,H,1.11,9,19,1.1,8,14,1.1,7,15,1.11,8,19,,,,1.12,8,21,1.1,8,19,1.12,8.5,23,31,1.13,1.1,10,8.15,26.9,17.98,27,1.34,1.29,3.75,3.39,13,-2.25,1.75,1.7,2.25,2.17
SC2,01/02/14,Stenhousemuir,Stranraer,1,1,D,0,0,D,3.2,3.4,2.2,2.9,3.5,2.1,2.9,3.2,2.1,3,3.3,2.15,3.02,3.63,2.34,2.9,3.5,2.3,2.88,3.4,2.25,3,3.6,2.3,36,3.22,2.87,3.63,3.41,2.34,2.23,29,1.7,1.63,2.27,2.18,12,0,2.25,2.17,1.75,1.71
SC2,08/02/14,Brechin,East Fife,3,0,H,2,0,H,1.67,3.8,5,1.7,3.6,4.1,1.65,3.4,4.2,1.75,3.5,4.1,1.71,4.08,4.83,1.75,3.5,4.75,1.67,3.75,4.5,1.75,3.8,4.8,38,1.8,1.68,4.08,3.71,5.02,4.44,30,1.65,1.58,2.45,2.28,17,-0.75,1.95,1.88,2.02,1.95
SC2,15/02/14,Airdrie Utd,Brechin,2,1,H,1,1,D,3.2,3.6,2.1,2.85,3.5,2.1,3,3.3,2,3.1,3.3,2.05,3.17,3.71,2.22,3.25,3.5,2.15,3,3.4,2.2,3.1,3.6,2.25,37,3.3,3.07,3.73,3.42,2.25,2.1,27,1.6,1.55,2.44,2.34,16,0.25,2,1.93,1.97,1.9
SC2,15/02/14,Ayr,Rangers,0,2,A,0,0,D,10,7,1.22,9.25,6,1.2,9,4.5,1.25,9,6,1.25,,,,10,6,1.25,7.5,6.25,1.25,10.5,6.5,1.25,34,10.5,9.21,7.03,5.9,1.3,1.23,24,1.36,1.3,3.7,3.38,15,2,1.75,1.68,2.26,2.2
SC2,15/02/14,Forfar,Dunfermline,2,4,A,1,1,D,3.5,3.6,2,3,3.5,2.05,3,3.3,2,3.25,3.6,1.95,3.44,3.78,2.08,3.3,3.75,2.05,3.2,3.6,2,3.1,3.8,2.15,38,3.6,3.27,3.9,3.65,2.1,1.96,27,1.46,1.41,3,2.78,15,0.25,2.15,2.04,1.87,1.8
SC2,15/02/14,Stenhousemuir,East Fife,1,1,D,0,0,D,2,3.75,3.4,2.05,3.5,3,2,3.3,3,2,3.4,3.2,2.08,3.76,3.46,2.15,3.4,3.3,2,3.5,3.25,2.05,3.75,3.4,37,2.15,2.02,3.77,3.49,3.5,3.22,27,1.65,1.58,2.42,2.27,15,-0.25,1.85,1.78,2.14,2.06
SC2,15/02/14,Stranraer,Arbroath,1,1,D,0,1,A,1.62,4.33,4.75,1.55,4,4.75,1.6,3.5,4.5,1.57,4,5,1.65,4.35,5,1.62,4.2,5,1.62,4,4.5,1.62,4.3,5,37,1.65,1.59,4.35,4,5.2,4.73,26,1.5,1.45,2.82,2.6,15,-0.75,1.83,1.75,2.18,2.1
SC2,22/02/14,Arbroath,Forfar,2,3,A,0,1,A,2.4,3.6,2.7,2.4,3.5,2.45,2.3,3.2,2.5,2.35,3.3,2.7,2.6,3.64,2.66,2.5,3.6,2.62,2.4,3.5,2.5,2.5,3.7,2.62,37,2.6,2.41,3.8,3.47,2.75,2.58,28,1.67,1.59,2.36,2.26,15,0,1.92,1.86,2.02,1.97
SC2,22/02/14,Brechin,Stranraer,1,3,A,0,3,A,2.7,3.6,2.4,2.4,3.5,2.45,2.5,3.2,2.3,2.45,3.4,2.5,2.65,3.63,2.62,2.7,3.1,2.7,2.6,3.4,2.5,2.6,3.6,2.6,37,2.71,2.56,3.63,3.34,2.7,2.48,28,1.55,1.5,2.61,2.46,15,0,2,1.94,1.96,1.89
SC2,22/02/14,Dunfermline,Ayr,3,0,H,2,0,H,1.8,3.8,4,1.8,3.6,3.6,1.8,3.3,3.6,1.85,3.5,3.75,1.83,3.99,4.17,1.91,3.5,4,1.8,3.6,3.8,1.83,3.8,4.2,37,1.91,1.8,3.99,3.58,4.5,3.86,28,1.62,1.56,2.45,2.31,14,-0.5,1.91,1.82,2.07,2.01
SC2,22/02/14,East Fife,Airdrie Utd,0,0,D,0,0,D,2.1,3.6,3.25,2,3.6,3,1.9,3.3,3.3,2.15,3.3,3,2.11,3.62,3.51,2.25,3.5,3,2.05,3.4,3.2,2.15,3.6,3.25,38,2.25,2.1,3.62,3.41,3.51,3.11,29,1.8,1.72,2.14,2.03,15,-0.25,1.92,1.85,2.06,1.98
SC2,22/02/14,Rangers,Stenhousemuir,3,3,D,1,1,D,1.08,11,21,1.08,8.5,14.5,1.07,8,16,1.08,7.5,15,,,,1.11,8,26,1.07,9,23,1.06,11,23,34,1.11,1.08,12,8.98,35.22,22.06,28,1.42,1.38,3.1,2.89,12,-2.5,1.86,1.81,2.09,2.01
SC2,25/02/14,Airdrie Utd,Stenhousemuir,1,1,D,0,0,D,2.75,3.4,2.45,2.5,3.2,2.5,2.3,3.2,2.5,2.55,3.3,2.45,2.69,3.59,2.59,2.6,3.6,2.5,2.63,3.3,2.4,2.63,3.6,2.55,39,2.8,2.59,3.6,3.38,2.6,2.45,29,1.75,1.65,2.3,2.16,18,0,2.03,1.98,1.91,1.85
SC2,25/02/14,Dunfermline,Arbroath,3,0,H,1,0,H,1.36,5.25,7,1.4,4.75,5.5,1.4,3.9,6,1.4,4.5,6.5,1.4,5.34,7.52,1.4,5,7,1.36,4.8,6.5,1.4,5.2,7,41,1.43,1.38,5.34,4.73,7.52,6.69,26,1.4,1.37,3.25,2.92,14,-1.25,1.86,1.84,2.07,1.99
SC2,25/02/14,Stranraer,Rangers,0,2,A,0,1,A,10,6,1.25,9.5,6,1.19,9.5,4.8,1.22,10,6,1.25,10.61,6.35,1.28,8,6,1.3,8.5,5.5,1.27,10.5,6,1.25,41,12,9.27,6.35,5.61,1.31,1.25,27,1.4,1.35,3.25,3.03,16,1.75,1.93,1.87,2.02,1.97
SC2,01/03/14,Airdrie Utd,Ayr,3,0,H,1,0,H,3.1,3.7,2.1,2.9,3.5,2.1,3,3.3,2,2.9,3.3,2.2,3.21,3.53,2.27,2.9,3.5,2.3,3,3.5,2.1,3,3.7,2.25,36,3.21,2.93,3.75,3.45,2.3,2.16,27,1.72,1.64,2.24,2.16,15,0.25,1.97,1.9,1.97,1.92
SC2,01/03/14,Brechin,Arbroath,2,4,A,0,2,A,1.8,3.8,3.8,1.67,3.8,4,1.6,3.5,4.5,1.75,3.6,4,1.83,3.97,4.26,1.75,3.5,4.8,1.8,3.75,3.8,1.85,3.8,3.9,36,1.85,1.74,3.97,3.68,5,4.03,27,1.54,1.48,2.75,2.53,14,-0.75,2.14,2.05,1.88,1.79
SC2,01/03/14,East Fife,Rangers,0,1,A,0,0,D,15,8,1.14,9.5,7.5,1.15,12,6,1.15,15,7.5,1.16,,,,15,7,1.17,15,6.5,1.14,19,8,1.14,36,20.42,14.44,8.04,6.8,1.18,1.15,27,1.45,1.38,3,2.86,12,2,2.16,2.05,1.82,1.78
SC2,01/03/14,Stenhousemuir,Forfar,4,1,H,1,0,H,2.45,3.6,2.63,2.2,3.5,2.7,2.1,3.2,2.9,2.45,3.3,2.55,2.46,3.6,2.85,2.5,3.4,2.7,2.38,3.5,2.63,2.45,3.6,2.75,36,2.5,2.35,3.65,3.42,2.9,2.67,27,1.7,1.64,2.25,2.16,14,-0.25,2.14,2.09,1.82,1.76
SC2,01/03/14,Stranraer,Dunfermline,3,1,H,2,0,H,2.7,3.6,2.4,2.55,3.5,2.3,2.7,3.2,2.2,2.75,3.4,2.3,2.78,3.75,2.44,2.9,3.5,2.3,2.6,3.5,2.4,2.62,3.6,2.55,37,2.9,2.65,3.75,3.45,2.55,2.36,28,1.54,1.48,2.75,2.52,14,0.25,1.81,1.74,2.2,2.12
SC2,04/03/14,Ayr,Forfar,2,3,A,1,2,A,2.25,3.6,2.7,2.1,3.5,2.85,2.1,3.2,2.9,2.25,3.25,2.9,2.36,3.57,3.02,2.2,3.5,3.1,2.3,3.3,2.88,2.3,3.6,3,47,2.4,2.22,3.62,3.4,3.15,2.92,34,1.75,1.67,2.21,2.11,21,-0.25,2.06,1.98,1.96,1.84
SC2,04/03/14,Stranraer,East Fife,2,0,H,1,0,H,1.5,4,5.75,1.55,3.9,4.75,1.6,2.5,4.5,1.62,3.6,5.2,1.59,4.21,5.88,1.61,3.8,5.5,1.53,3.8,5.5,1.62,4,5.5,46,1.62,1.55,4.26,3.87,6,5.39,34,1.73,1.65,2.34,2.15,18,-0.75,1.76,1.71,2.25,2.15
SC2,08/03/14,Arbroath,East Fife,2,1,H,1,1,D,2.05,3.6,3.1,2.35,3.3,2.65,2.3,3.2,2.5,2.15,3.25,3,2.2,3.62,3.28,2.3,3.6,2.88,2.1,3.4,3,2.2,3.5,3.2,42,2.3,2.16,3.67,3.4,3.24,2.98,32,1.85,1.73,2.19,2.04,18,-0.25,1.97,1.88,2.01,1.93
SC2,08/03/14,Ayr,Stranraer,5,0,H,3,0,H,2.5,3.6,2.4,2.4,3.5,2.45,2.3,3.2,2.5,2.55,3.4,2.4,2.64,3.63,2.62,2.75,3.5,2.4,2.5,3.4,2.5,2.62,3.6,2.55,43,2.75,2.53,3.75,3.42,2.63,2.47,33,1.65,1.57,2.4,2.29,18,0,1.99,1.93,1.95,1.89
SC2,08/03/14,Dunfermline,Stenhousemuir,0,0,D,0,0,D,1.53,4.2,5,1.5,4.1,5,1.55,3.5,4.8,1.57,3.9,5,1.54,4.72,5.71,1.62,4,5,1.53,4,5.25,1.57,4.2,5.5,42,1.62,1.53,4.72,4.05,5.75,5.17,31,1.53,1.46,2.8,2.58,19,-1,1.96,1.87,2.02,1.94
SC2,08/03/14,Forfar,Brechin,1,1,D,0,0,D,2.2,3.6,2.8,2.25,3.4,2.7,2.1,3.2,2.9,2.25,3.4,2.8,2.24,3.8,3.07,2.38,3.4,2.88,2.2,3.5,2.88,2.2,3.6,3.1,42,2.38,2.19,3.78,3.48,3.09,2.88,32,1.6,1.52,2.61,2.41,18,-0.25,1.98,1.92,1.95,1.89
SC2,11/03/14,Stranraer,Forfar,0,4,A,0,2,A,1.8,3.75,4.2,1.72,3.6,4,1.8,3.3,3.6,1.75,3.6,3.9,1.8,4.03,4.34,1.8,4,4,1.73,3.6,4.33,1.8,4,4.1,45,1.85,1.78,4.03,3.67,4.4,3.99,33,1.55,1.51,2.63,2.42,18,-0.5,1.83,1.78,2.11,2.06
SC2,12/03/14,Rangers,Airdrie Utd,3,0,H,3,0,H,1.1,9,21,1.11,8.75,11,1.1,7,15,1.08,8,13,,,,1.1,9,21,1.08,8.5,21,1.1,9,23,37,1.14,1.09,10.5,8.62,33.37,19.25,26,1.53,1.43,2.8,2.67,13,-2.25,1.79,1.75,2.14,2.07
SC2,15/03/14,Arbroath,Airdrie Utd,0,1,A,0,1,A,2.1,3.5,3.3,2.15,3.5,2.8,2.2,3.2,2.7,2.15,3.3,2.9,2.16,3.75,3.27,2.2,3.6,3,2.1,3.5,3,2.2,3.5,3.2,41,2.38,2.15,3.75,3.43,3.32,3,32,1.62,1.57,2.44,2.29,18,-0.25,1.93,1.88,2,1.94
SC2,15/03/14,East Fife,Ayr,0,5,A,0,3,A,3,3.5,2.25,2.7,3.5,2.2,2.7,3.2,2.2,2.87,3.3,2.2,2.96,3.7,2.34,2.9,3.5,2.3,2.8,3.5,2.25,3,3.5,2.3,41,3.01,2.84,3.7,3.44,2.34,2.23,32,1.65,1.57,2.38,2.29,18,0.25,1.91,1.85,2.05,1.97
SC2,15/03/14,Forfar,Stranraer,1,0,H,1,0,H,2.5,3.5,2.63,2.55,3.5,2.3,2.5,3.2,2.3,2.55,3.4,2.4,2.58,3.63,2.69,2.5,3.5,2.62,2.5,3.3,2.5,2.55,3.5,2.7,42,2.65,2.49,3.63,3.36,2.7,2.55,33,1.59,1.55,2.45,2.33,18,0,1.94,1.88,2,1.94
SC2,15/03/14,Rangers,Dunfermline,2,0,H,1,0,H,1.18,7,13,1.17,6.5,10,1.2,5,10,1.22,6.5,11,,,,1.22,6,13,1.17,6.5,11,1.22,6,12,41,1.22,1.19,7.3,6.33,13.95,11.51,33,1.38,1.35,3.25,3.03,19,-2,2,1.92,2.04,1.89
SC2,15/03/14,Stenhousemuir,Brechin,4,2,H,2,1,H,2.3,3.5,2.9,2.25,3.5,2.65,2.2,3.2,2.7,2.3,3.3,2.8,2.31,3.71,3.01,2.38,3.5,2.8,2.25,3.5,2.8,2.3,3.5,3,40,2.38,2.26,3.71,3.41,3.01,2.82,31,1.62,1.54,2.54,2.37,18,-0.25,2.05,1.99,1.88,1.83
SC2,22/03/14,Airdrie Utd,Forfar,5,1,H,3,1,H,2.8,3.5,2.4,2.6,3.4,2.3,2.7,3.2,2.2,2.65,3.25,2.4,2.95,3.64,2.37,2.8,3.5,2.4,2.75,3.4,2.38,2.8,3.5,2.45,42,3,2.75,3.68,3.37,2.41,2.32,32,1.67,1.61,2.31,2.22,17,0,2.18,2.08,1.8,1.75
SC2,22/03/14,Ayr,Arbroath,2,1,H,2,1,H,1.57,4,5.5,1.57,4.1,4.33,1.65,3.4,4.2,1.55,3.9,5,1.63,4.36,5.2,1.67,3.8,5,1.57,3.8,4.8,1.62,4.2,5.25,42,1.67,1.59,4.36,3.91,5.53,4.86,32,1.57,1.49,2.71,2.49,16,-0.75,1.81,1.76,2.14,2.08
SC2,22/03/14,Dunfermline,East Fife,1,2,A,1,0,H,1.36,5,7.5,1.35,4.75,6.25,1.35,4,7,1.36,4.33,7.5,1.36,5.32,8.74,1.4,4.5,8,1.36,4.5,7.5,1.36,5,8.5,43,1.4,1.35,5.27,4.68,8.71,7.3,33,1.62,1.57,2.41,2.3,17,-1.25,1.87,1.78,2.12,2.04
SC2,22/03/14,Stranraer,Stenhousemuir,1,1,D,1,0,H,1.91,3.6,3.8,1.78,3.6,3.75,1.85,3.3,3.4,1.85,3.5,3.6,1.99,3.88,3.62,2,3.5,3.6,1.91,3.5,3.5,2,3.75,3.5,43,2.03,1.91,3.9,3.51,3.85,3.55,33,1.55,1.48,2.63,2.51,15,-0.5,2.03,1.95,1.91,1.85
SC2,23/03/14,Brechin,Rangers,1,2,A,0,1,A,10,6,1.25,11,5.5,1.19,9,4.5,1.25,9,6,1.25,,,,9,5.5,1.3,11,5.5,1.22,10,6,1.29,42,12,9.73,6.5,5.46,1.3,1.24,31,1.45,1.39,3.2,2.83,17,2,1.73,1.63,2.45,2.27
SC2,29/03/14,Arbroath,Rangers,1,2,A,0,1,A,13,7,1.18,10,6.25,1.18,11,5.5,1.17,13,6.5,1.2,16.96,7.45,1.188,13,6.5,1.2,13,6.5,1.17,18,7,1.18,41,19,13.85,7.5,6.48,1.2,1.16,28,1.45,1.38,3,2.87,19,2,2.14,2.04,1.93,1.79
SC2,29/03/14,Ayr,Stenhousemuir,2,3,A,0,1,A,1.95,3.75,3.2,1.8,3.6,3.6,1.8,3.3,3.6,1.85,3.4,3.75,2.07,3.7,3.55,1.91,3.6,3.75,1.95,3.6,3.4,2.05,3.75,3.4,40,2.1,1.95,3.77,3.53,3.75,3.4,31,1.73,1.64,2.35,2.18,16,-0.5,2.08,2.01,1.87,1.83
SC2,29/03/14,Dunfermline,Brechin,2,1,H,0,0,D,1.53,4,5.25,1.48,4.2,5,1.45,3.8,5.4,1.57,3.8,5.2,1.559,4.63,5.66,1.57,3.75,6,1.53,4,5,1.62,4.33,5,40,1.6,1.53,4.63,4.06,6.05,5.22,30,1.44,1.39,3,2.83,17,-1,1.95,1.9,2.01,1.93
SC2,29/03/14,Forfar,East Fife,1,2,A,1,2,A,1.75,3.8,3.9,1.8,3.6,3.6,1.75,3.4,3.7,1.75,3.5,4,1.758,3.86,4.85,1.91,3.6,3.8,1.73,3.6,4.33,1.83,3.8,4.2,40,1.84,1.75,3.86,3.59,4.85,4.17,36,1.86,1.77,2.07,1.99,14,-0.5,1.87,1.76,2.17,2.1
SC2,29/03/14,Stranraer,Airdrie Utd,1,1,D,0,0,D,1.91,3.75,3.4,1.9,3.6,3.25,1.85,3.3,3.4,1.9,3.4,3.5,1.917,3.81,4.01,1.95,3.5,3.75,1.91,3.6,3.4,2,3.75,3.6,40,2,1.9,3.85,3.55,4.01,3.51,31,1.75,1.68,2.26,2.11,16,-0.5,1.99,1.93,1.99,1.91
SC2,05/04/14,Airdrie Utd,Dunfermline,2,0,H,1,0,H,3.1,3.75,2.1,2.85,3.4,2.15,3,3.3,2,2.9,3.4,2.15,3.3,3.79,2.14,3.2,3.5,2.15,3.13,3.4,2.1,3.2,3.75,2.15,41,3.3,3.06,3.79,3.46,2.2,2.1,32,1.57,1.52,2.6,2.45,19,0.25,2.02,1.95,1.94,1.87
SC2,05/04/14,Brechin,Ayr,2,1,H,1,0,H,2.8,3.6,2.3,2.6,3.4,2.3,2.7,3.2,2.2,2.7,3.3,2.35,2.87,3.77,2.38,2.8,3.5,2.38,2.75,3.4,2.38,2.8,3.6,2.4,41,2.9,2.73,3.81,3.4,2.5,2.31,31,1.55,1.49,2.67,2.5,17,0.25,1.82,1.75,2.15,2.08
SC2,05/04/14,East Fife,Stranraer,1,1,D,1,0,H,2.8,3.6,2.3,2.8,3.5,2.15,2.7,3.2,2.2,2.9,3.25,2.2,3.14,3.53,2.3,3.1,3.3,2.3,2.8,3.3,2.3,2.9,3.6,2.38,43,3.14,2.86,3.62,3.33,2.4,2.27,36,1.82,1.75,2.11,2.02,19,0.25,1.89,1.81,2.06,2
SC2,05/04/14,Stenhousemuir,Arbroath,2,2,D,1,1,D,1.8,3.8,4,1.8,3.6,3.6,1.7,3.4,3.9,1.83,3.4,3.8,1.92,3.92,3.86,1.91,3.5,4,1.9,3.5,3.6,1.92,3.8,3.75,43,1.95,1.85,3.98,3.56,4.02,3.71,32,1.55,1.49,2.63,2.51,19,-0.5,1.95,1.89,1.99,1.92
SC2,12/04/14,Arbroath,Stranraer,4,2,H,1,0,H,3.25,3.6,2.1,2.9,3.5,2.1,2.9,3.2,2.1,3.1,3.25,2.1,3.46,3.8,2.07,3.2,3.5,2.15,3.13,3.4,2.1,3.25,3.6,2.15,44,3.46,3.09,3.8,3.43,2.25,2.1,33,1.6,1.55,2.45,2.36,19,0.25,2.07,1.96,1.91,1.85
SC2,12/04/14,Brechin,Airdrie Utd,1,1,D,0,1,A,2.38,3.5,2.8,2.2,3.5,2.7,2.4,3.2,2.4,2.35,3.4,2.6,2.51,3.77,2.7,2.4,3.5,2.8,2.4,3.3,2.63,2.55,3.6,2.62,44,2.55,2.36,3.77,3.39,2.88,2.67,33,1.55,1.5,2.62,2.49,17,-0.25,2.21,2.1,1.79,1.73
SC2,12/04/14,Dunfermline,Forfar,0,0,D,0,0,D,1.62,3.8,5.5,1.65,3.75,4.2,1.6,3.5,4.5,1.61,3.8,4.6,1.67,4.31,4.94,1.62,4.5,4.5,1.62,3.75,4.8,1.67,4.3,4.6,44,1.73,1.63,4.5,3.81,5.53,4.61,33,1.52,1.46,2.71,2.59,19,-0.75,1.91,1.84,2.05,1.98
SC2,12/04/14,East Fife,Stenhousemuir,1,2,A,1,0,H,3,3.6,2.2,2.6,3.4,2.3,2.7,3.2,2.2,2.87,3.3,2.2,2.93,3.63,2.39,2.75,3.6,2.38,2.88,3.3,2.3,2.88,3.6,2.38,44,3.01,2.81,3.63,3.37,2.4,2.28,33,1.67,1.62,2.33,2.21,15,0,2.16,2.1,1.79,1.74
SC2,15/04/14,Rangers,Forfar,3,0,H,0,0,D,1.13,9,15,1.12,7.25,13,1.15,6,12,1.17,7,12,,,,1.14,8,15,1.13,8,13,1.14,8.5,17,45,1.17,1.13,10,7.71,23.2,14.55,31,1.45,1.41,3,2.73,20,-2.25,2.02,1.96,1.92,1.85
SC2,19/04/14,Airdrie Utd,East Fife,2,1,H,0,0,D,1.91,3.6,3.8,1.9,3.6,3.25,1.85,3.3,3.4,2,3.3,3.4,1.91,3.78,4.05,1.91,3.6,3.1,1.9,3.5,3.75,2,3.6,3.6,34,2.05,1.91,3.62,3.49,3.82,3.54,23,1.82,1.76,2.1,1.97,9,-0.5,2.01,1.9,1.95,1.87
SC2,19/04/14,Ayr,Dunfermline,1,1,D,0,0,D,2.5,3.6,2.6,2.4,3.4,2.5,2.4,3.2,2.4,2.45,3.4,2.55,2.6,3.7,2.63,2.25,3.6,2.5,2.5,3.5,2.5,2.55,3.6,2.62,34,2.63,2.47,3.62,3.47,2.88,2.51,22,1.55,1.47,2.75,2.53,10,0,2,1.92,1.92,1.86
SC2,19/04/14,Forfar,Arbroath,0,2,A,0,2,A,1.73,3.75,4.6,1.7,3.7,4,1.65,3.4,4.2,1.75,3.7,3.8,1.98,3.94,3.61,1.73,3.75,3.6,1.73,3.6,4.5,1.8,3.75,4.4,34,1.85,1.75,3.8,3.62,4.62,4.04,23,1.5,1.44,2.75,2.63,5,-0.75,2.1,2.05,1.8,1.79
SC2,19/04/14,Stenhousemuir,Rangers,0,4,A,0,2,A,10,5.5,1.29,9.25,5,1.25,8,4.2,1.3,8,5.5,1.29,8.35,5.4,1.37,8,5.5,1.22,9.5,5,1.27,7.5,5.5,1.36,34,10.05,7.99,5.55,5.12,1.36,1.3,23,1.55,1.45,2.88,2.61,9,1.5,1.9,1.82,2.05,1.95
SC2,19/04/14,Stranraer,Brechin,1,2,A,1,1,D,1.67,4,4.75,1.65,3.75,4.25,1.6,3.5,4.5,1.8,3.4,4.1,1.93,3.98,3.75,1.73,3.75,3.6,1.67,3.8,4.33,1.75,4,4.4,34,1.8,1.72,4.02,3.77,4.77,4.09,23,1.53,1.47,2.7,2.52,9,-0.75,2.06,1.98,1.86,1.79
SC2,22/04/14,Rangers,Ayr,2,1,H,0,0,D,1.22,7,10,1.2,6,9.25,1.25,4.5,9,1.25,6,10,,,,1.25,6,10,1.22,5.8,10,1.22,7,11,47,1.25,1.22,7.47,6.05,12,10.11,33,1.4,1.31,3.4,3.23,19,-1.75,1.83,1.78,2.09,2.04
SC2,26/04/14,Arbroath,Dunfermline,1,2,A,0,1,A,2.7,3.6,2.25,2.7,3.5,2.2,2.4,3.2,2.4,2.8,3.4,2.25,,,,2.9,3.5,2.3,2.75,3.6,2.25,3,3.6,2.3,32,3,2.77,3.8,3.56,2.4,2.22,22,1.45,1.39,3,2.8,1,0.25,1.78,1.78,2,2
SC2,26/04/14,East Fife,Brechin,1,2,A,0,1,A,2.1,3.5,3,2.1,3.5,2.85,2,3.3,3,2.25,3.3,2.8,,,,2.38,3.5,2.8,2.1,3.5,3,2.3,3.5,3,30,2.38,2.16,3.7,3.47,3.1,2.92,20,1.6,1.54,2.45,2.35,1,-0.25,2.01,2.01,1.77,1.77
SC2,26/04/14,Forfar,Ayr,4,2,H,2,0,H,2.8,3.6,2.2,2.7,3.5,2.2,2.9,3.2,2.1,2.7,3.5,2.25,,,,2.62,3.75,2.4,2.8,3.6,2.2,2.9,3.6,2.3,32,2.9,2.77,3.75,3.57,2.4,2.22,21,1.55,1.49,2.65,2.49,1,0.25,1.77,1.77,2.02,2.02
SC2,26/04/14,Rangers,Stranraer,3,0,H,1,0,H,1.2,6,11,1.2,6,9.25,1.22,4.8,9.5,1.18,6.5,14,,,,1.2,7,12,1.18,6,12,1.2,6.5,15,33,1.22,1.19,7.5,6.16,15,11.33,24,1.4,1.37,3.25,2.89,2,-1.5,1.63,1.57,2.52,2.38
SC2,26/04/14,Stenhousemuir,Airdrie Utd,1,2,A,0,1,A,1.73,3.8,4,1.75,3.7,3.75,1.7,3.4,3.9,1.83,3.6,3.6,,,,1.95,3.5,3.8,1.73,3.75,4,1.83,3.8,4.2,32,1.95,1.78,4,3.68,4.2,3.85,22,1.57,1.53,2.48,2.38,1,-0.5,1.91,1.91,1.86,1.86
SC2,03/05/14,Airdrie Utd,Arbroath,2,0,H,1,0,H,2.4,3.6,2.5,2.4,3.5,2.45,2.5,3.2,2.3,2.5,3.4,2.45,,,,2.5,3.5,2.62,2.4,3.6,2.5,2.55,3.6,2.62,34,2.55,2.43,3.75,3.49,2.75,2.52,25,1.57,1.52,2.45,2.4,3,0,1.9,1.88,1.95,1.91
SC2,03/05/14,Ayr,East Fife,4,1,H,1,0,H,1.67,4,4.2,1.7,3.8,3.9,1.6,3.5,4.5,1.75,3.6,4.1,,,,1.8,3.8,4,1.67,4,4,1.75,4,4.33,34,1.8,1.7,4.2,3.82,4.5,4.08,25,1.6,1.54,2.45,2.35,3,-0.75,1.97,1.93,1.9,1.86
SC2,03/05/14,Brechin,Stenhousemuir,1,3,A,0,1,A,2.6,3.5,2.38,2.8,3.6,2.1,,,,2.62,3.4,2.37,,,,2.3,3.75,2.75,2.63,3.5,2.3,2.6,3.75,2.5,33,2.8,2.55,3.75,3.52,2.75,2.42,25,1.57,1.51,2.55,2.44,3,0,2.05,1.98,1.85,1.83
SC2,03/05/14,Dunfermline,Rangers,1,1,D,0,0,D,6.5,5.5,1.29,7.25,5,1.3,8.5,4.3,1.27,8,5,1.28,,,,9,5.5,1.3,7.5,5.5,1.3,10,5.5,1.3,35,11,7.98,6,5.33,1.32,1.28,26,1.5,1.44,2.8,2.62,4,1.5,2.06,1.97,1.9,1.84
SC2,03/05/14,Stranraer,Forfar,3,1,H,1,1,D,1.91,3.6,3.4,1.9,3.6,3.25,2.1,3.2,2.9,2.05,3.4,3.1,,,,2.15,3.6,3.1,1.95,3.6,3.2,2.1,3.6,3.4,34,2.15,1.98,3.75,3.53,3.6,3.26,25,1.67,1.61,2.3,2.2,3,-0.25,1.85,1.77,2.15,2.05
